Name,Potential_impacts,Cumulative_Impact_probablility,Velocity(km/s),Magnitude,Estimated_Diameter(km),Cum_Palermo_scale,Max_Palermo_scale,Start_year,End_year,Period
29075 (1950 DA),1,0.00011999999999999999,14.1,17.6,1.3,-1.42,-1.42,2880,2880,0
101955 Bennu (1999 RQ36),78,0.00037,5.99,20.2,0.49,-1.69,-2.3,2175,2199,24
(1979 XB),2,7.4e-07,23.92,18.5,0.662,-2.79,-3.08,2056,2113,57
(2000 SG344),101,0.0026,1.36,24.8,0.037000000000000005,-2.84,-3.2,2069,2113,44
(2009 JF1),1,0.00026000000000000003,23.92,27.1,0.013000000000000001,-2.88,-2.88,2022,2022,0
(2007 FT3),164,1.4e-06,17.06,20.0,0.34,-2.95,-3.46,2024,2116,92
(2008 JL3),27,0.00016,8.42,25.3,0.028999999999999998,-3.23,-3.24,2027,2119,92
(2021 EU),3,4.6e-05,21.46,25.4,0.027999999999999997,-3.28,-3.31,2024,2056,32
(2010 RF12),59,0.047,5.1,28.4,0.006999999999999999,-3.31,-3.32,2095,2119,24
(2005 QK76),9,6.8e-05,19.67,25.2,0.031,-3.41,-3.55,2030,2107,77
(2005 ED224),5,2.6e-06,24.96,24.0,0.054000000000000006,-3.45,-3.46,2023,2064,41
(2014 MR26),12,2.5e-08,26.98,17.8,0.9159999999999999,-3.49,-3.8,2036,2073,37
(2001 CA21),3,9.3e-09,30.7,18.5,0.677,-3.52,-3.53,2025,2073,48
(2016 NL56),259,7.2e-07,15.23,20.6,0.265,-3.56,-4.25,2023,2118,95
(1994 GK),5,6.9e-05,14.87,24.2,0.048,-3.62,-3.63,2051,2067,16
(2001 VB),1,2.4e-09,35.02,18.3,0.73,-3.63,-3.63,2023,2023,0
(2008 UB7),31,3.5e-05,18.51,23.8,0.057999999999999996,-3.68,-4.29,2048,2100,52
(2000 SB45),101,0.00016,7.53,24.3,0.046,-3.75,-4.21,2074,2113,39
(2012 HG2),469,0.0028,3.33,27.0,0.013999999999999999,-3.75,-4.25,2052,2119,67
(2012 QD8),4,6.5000000000000004e-06,20.76,23.1,0.081,-3.75,-3.88,2042,2105,63
(2016 WN55),76,1.1e-07,15.41,19.4,0.452,-3.77,-4.46,2026,2114,88
(2007 DX40),41,6.2e-05,15.53,24.6,0.04,-3.8,-4.22,2030,2111,81
(2020 VW),15,0.007,9.69,28.3,0.006999999999999999,-3.84,-4.12,2074,2087,13
(2020 FA5),81,6.7e-07,28.26,21.0,0.212,-3.85,-4.52,2043,2119,76
(2008 EX5),16,4.7e-05,9.92,23.8,0.059000000000000004,-3.86,-4.13,2061,2090,29
(2017 WT28),72,0.011000000000000001,4.47,28.1,0.008,-3.86,-3.88,2083,2119,36
(2020 VV),151,0.0023,2.57,27.3,0.012,-3.88,-4.36,2044,2120,76
(2013 VW13),9,0.00043,16.35,26.2,0.019,-3.89,-4.06,2071,2084,13
(2009 BE),24,0.00043,11.46,26.1,0.02,-4.0,-4.3,2061,2117,56
(2006 JY26),39,0.007,2.98,28.4,0.006999999999999999,-4.04,-4.04,2073,2109,36
(2008 CC71),20,5.9e-05,8.07,24.9,0.036000000000000004,-4.07,-4.43,2034,2082,48
(2017 SH33),21,2.2999999999999998e-08,25.22,19.2,0.49,-4.09,-4.44,2026,2093,67
(2020 TJ3),29,7.2e-05,8.21,24.6,0.040999999999999995,-4.11,-4.61,2067,2120,53
(2015 YJ),54,0.0016,16.35,28.3,0.006999999999999999,-4.12,-4.35,2042,2115,73
(2014 GN1),1,2.1e-05,21.23,24.6,0.040999999999999995,-4.13,-4.13,2061,2061,0
(2020 KD3),18,0.0006,7.93,26.4,0.017,-4.13,-4.14,2083,2107,24
(2006 DM63),39,0.00014,10.37,26.7,0.015,-4.14,-4.42,2031,2116,85
(2011 DU9),4,0.00028,8.77,26.7,0.016,-4.15,-4.15,2046,2059,13
(2017 LD),204,0.0022,4.49,27.5,0.011000000000000001,-4.18,-4.74,2053,2120,67
(2010 CR5),3,7.5e-08,23.68,19.8,0.371,-4.2,-4.23,2062,2075,13
(2020 MJ),29,9.499999999999999e-05,17.05,25.3,0.03,-4.2,-4.42,2086,2109,23
(2021 AM6),30,0.0005200000000000001,5.21,26.6,0.016,-4.21,-4.55,2064,2120,56
(2010 GM23),30,6.3e-05,13.44,24.7,0.04,-4.22,-4.87,2087,2116,29
(2013 TP4),1,4.9e-05,25.3,27.5,0.011000000000000001,-4.23,-4.23,2026,2026,0
(2016 WG),24,5.7999999999999995e-06,23.6,23.3,0.075,-4.23,-4.93,2076,2115,39
(2008 HJ),25,0.00026000000000000003,7.53,25.8,0.024,-4.27,-4.73,2077,2112,35
(2017 RZ17),44,2.5e-08,19.2,19.8,0.369,-4.28,-4.62,2022,2116,94
(2019 LW4),38,0.001,8.62,27.3,0.012,-4.28,-4.31,2083,2115,32
(2014 JU15),86,5.6000000000000006e-05,10.35,24.7,0.039,-4.3,-5.2,2079,2114,35
(2002 RB182),26,6.1e-06,13.26,22.8,0.092,-4.31,-5.02,2053,2116,63
(2007 KO4),315,4.2999999999999995e-06,13.71,23.3,0.075,-4.32,-5.13,2022,2116,94
(2010 UK),43,0.0005200000000000001,6.08,26.9,0.013999999999999999,-4.34,-4.35,2068,2116,48
(2007 KE4),4,1.4000000000000001e-05,10.07,25.2,0.031,-4.36,-4.39,2026,2115,89
(2019 LU1),8,4.4e-06,31.85,24.3,0.048,-4.36,-4.42,2056,2070,14
(2020 TY4),2,2.8999999999999997e-05,8.37,24.0,0.054000000000000006,-4.36,-4.36,2099,2099,0
(2020 CQ1),11,0.0046,4.9,28.8,0.006,-4.37,-4.38,2070,2119,49
(2008 ST7),21,2.7000000000000002e-05,9.97,24.1,0.052000000000000005,-4.39,-4.81,2074,2112,38
(2010 QG2),6,1.1e-05,12.89,24.3,0.047,-4.39,-4.4,2051,2064,13
(2016 HF3),2,4.7e-05,7.93,24.8,0.038,-4.4,-4.4,2078,2092,14
(2008 EZ84),9,0.00018999999999999998,7.91,26.2,0.02,-4.41,-4.71,2072,2115,43
(2011 BL45),56,0.00084,1.68,27.1,0.013000000000000001,-4.42,-4.57,2050,2119,69
(2008 TE),4,4.3e-05,11.84,27.7,0.01,-4.43,-4.43,2023,2077,54
(2018 NJ),17,0.0016,5.85,27.8,0.009000000000000001,-4.43,-4.44,2083,2116,33
(2011 EB74),423,0.00033,7.54,26.9,0.013999999999999999,-4.44,-5.4,2032,2116,84
(2016 RD34),21,0.0006799999999999999,1.13,27.4,0.011000000000000001,-4.44,-4.77,2051,2094,43
(2018 TY4),1,0.00031,10.67,28.1,0.008,-4.45,-4.45,2033,2033,0
(2017 AE21),96,4.6e-06,5.14,25.0,0.034,-4.47,-5.01,2021,2117,96
(2018 JD),5,0.00026000000000000003,8.01,26.7,0.016,-4.48,-4.48,2067,2096,29
(2010 MY112),28,1.1000000000000001e-08,23.63,21.0,0.37,-4.49,-4.84,2022,2092,70
(2012 BA77),29,3.3e-05,12.7,25.9,0.023,-4.49,-5.01,2025,2088,63
(2019 WG2),37,4.3e-05,14.77,24.9,0.035,-4.51,-5.05,2093,2119,26
(2012 MF7),12,0.00015,8.7,26.8,0.015,-4.53,-4.57,2046,2096,50
(2012 VE77),2,2.6000000000000002e-05,15.33,26.3,0.018000000000000002,-4.54,-4.54,2033,2035,2
(2018 DQ),62,0.00022,20.85,29.1,0.005,-4.54,-4.58,2027,2114,87
(2013 GM3),169,0.00015,7.14,26.2,0.019,-4.56,-5.31,2028,2116,88
(2007 WP3),17,7.699999999999999e-06,13.03,23.5,0.067,-4.6,-4.97,2098,2114,16
(2006 HF6),26,1.1e-05,16.39,24.5,0.043,-4.6,-5.15,2053,2110,57
(2015 XA378),22,5.2000000000000004e-05,17.9,25.6,0.026000000000000002,-4.6,-4.83,2092,2119,27
(2020 XF),148,0.00036,3.27,26.8,0.015,-4.6,-5.18,2056,2120,64
(2017 SF20),1,0.00033,10.44,28.4,0.006999999999999999,-4.61,-4.61,2034,2034,0
(2014 CR13),20,9.1e-05,12.29,25.7,0.024,-4.62,-4.74,2103,2117,14
(2018 GR4),37,0.00032,2.6,27.1,0.013000000000000001,-4.63,-4.68,2058,2120,62
(2011 UM169),19,3.3e-05,13.96,25.1,0.033,-4.65,-4.87,2099,2107,8
(2008 FF5),1,4.8e-07,39.47,23.1,0.081,-4.66,-4.66,2060,2060,0
(2011 SO189),13,0.0001,12.99,26.5,0.017,-4.68,-5.04,2056,2102,46
(2016 DK1),47,0.0003,6.87,27.4,0.011000000000000001,-4.69,-5.11,2043,2120,77
(2017 PY26),6,1.2e-06,19.98,22.4,0.11,-4.69,-5.28,2108,2117,9
(2020 DJ1),25,2.6000000000000002e-05,14.0,24.9,0.036000000000000004,-4.7,-4.93,2083,2117,34
(2020 JK),52,7.6e-06,18.59,24.1,0.052000000000000005,-4.7,-5.67,2071,2118,47
(2020 UE),19,2.9999999999999997e-05,14.58,25.5,0.026000000000000002,-4.7,-5.14,2042,2120,78
(2014 WA201),8,0.00016,11.57,26.8,0.015,-4.71,-4.72,2075,2084,9
(2012 ES10),7,1.6e-06,24.36,23.7,0.061,-4.71,-5.0,2054,2064,10
(2007 HB15),59,0.0005099999999999999,6.34,27.8,0.01,-4.73,-4.91,2047,2115,68
(2019 QR3),19,0.00023999999999999998,10.98,27.1,0.013000000000000001,-4.73,-5.08,2073,2088,15
(2010 DG77),563,7.400000000000001e-06,2.38,24.5,0.044000000000000004,-4.74,-6.18,2022,2117,95
(2017 VL2),58,0.00013000000000000002,8.33,26.1,0.021,-4.74,-5.36,2087,2115,28
(1995 CS),6,5.3e-06,25.44,25.4,0.027999999999999997,-4.76,-4.78,2042,2061,19
(2008 PK9),9,5.2e-07,26.64,23.2,0.078,-4.77,-5.11,2045,2065,20
(2018 NW),67,0.00033999999999999997,21.14,27.8,0.009000000000000001,-4.77,-5.37,2046,2117,71
(2005 XA8),21,3.6e-05,12.06,25.6,0.025,-4.78,-5.22,2063,2086,23
(2014 YN),23,0.00011,3.27,25.7,0.024,-4.78,-5.28,2095,2115,20
(2011 OB26),36,5.3e-05,10.99,25.5,0.027000000000000003,-4.79,-5.24,2096,2117,21
(2011 CU46),502,2.3e-05,16.0,25.4,0.027999999999999997,-4.8,-6.02,2028,2117,89
(2012 EK5),14,3.3e-05,15.13,25.5,0.026000000000000002,-4.8,-5.07,2070,2111,41
(2017 YM1),18,2.8000000000000003e-05,11.08,25.2,0.031,-4.8,-5.0,2048,2103,55
(2019 TU),11,8.9e-05,9.72,26.0,0.021,-4.8,-4.8,2088,2119,31
(2011 XC2),1,6.7e-07,20.75,23.0,0.085,-4.81,-4.81,2056,2056,0
(2016 EO28),19,0.00058,6.98,29.1,0.005,-4.82,-4.85,2035,2054,19
(2020 DF3),3,2.4e-06,26.8,24.2,0.05,-4.82,-5.12,2067,2081,14
(2010 XN69),142,6.9e-05,6.45,26.3,0.019,-4.83,-5.98,2024,2116,92
(2011 VG9),3,4.8e-07,24.87,22.2,0.12,-4.83,-4.99,2104,2119,15
(2014 MV67),2,6.3e-10,12.4,19.0,0.54,-4.83,-4.94,2022,2025,3
(2018 LF16),62,3.3e-08,15.13,21.0,0.213,-4.84,-5.33,2023,2117,94
(2018 NL),26,3.8e-05,8.3,25.4,0.028999999999999998,-4.84,-5.37,2060,2114,54
(2019 AU6),13,9.6e-05,8.74,26.6,0.016,-4.84,-5.1,2064,2103,39
(2002 VU17),5,1.4000000000000001e-05,13.69,24.8,0.038,-4.85,-5.29,2084,2099,15
(2010 KV7),48,3.9e-05,5.37,26.0,0.021,-4.85,-5.17,2034,2115,81
(2017 RV2),43,0.00013000000000000002,6.48,26.2,0.019,-4.87,-5.39,2071,2119,48
(2000 WJ107),14,2.8999999999999998e-06,12.78,23.1,0.081,-4.88,-5.58,2114,2115,1
(2005 NX55),104,4.0999999999999997e-08,25.07,21.9,0.141,-4.88,-5.6,2022,2107,85
(2014 LY21),969,8.3e-05,6.56,29.3,0.005,-4.88,-5.12,2021,2116,95
(2002 MN),8,2.8e-06,10.37,23.3,0.073,-4.89,-5.25,2070,2109,39
(2019 SJ),16,0.00045,8.52,27.6,0.01,-4.89,-5.21,2082,2119,37
(2019 WE),8,7e-05,8.15,26.8,0.015,-4.91,-5.03,2044,2078,34
(2020 YN),4,9.1e-05,16.19,27.7,0.01,-4.91,-4.92,2046,2047,1
(2007 VE8),1,2e-05,9.05,25.4,0.027999999999999997,-4.93,-4.93,2062,2062,0
(2020 HL1),3,1.4000000000000001e-05,9.44,25.3,0.03,-4.93,-5.06,2055,2066,11
(2021 EJ3),43,0.00065,2.16,27.7,0.01,-4.94,-5.37,2078,2119,41
(2020 XE),2,8.2e-06,24.11,26.3,0.019,-4.94,-4.95,2040,2040,0
(2020 YA3),9,3.7e-05,12.2,26.0,0.021,-4.94,-4.96,2070,2102,32
(2016 VB1),68,0.0013,5.45,28.6,0.006999999999999999,-4.95,-5.48,2065,2119,54
(2019 WU2),9,1e-05,11.53,24.6,0.040999999999999995,-4.95,-5.06,2086,2109,23
(2009 WP6),53,4e-05,25.34,26.8,0.015,-4.96,-5.22,2067,2114,47
(2020 XA6),5,2.1000000000000002e-06,20.69,24.1,0.052000000000000005,-4.97,-5.37,2057,2073,16
(2020 GZ2),4,0.00022,9.54,28.1,0.008,-4.97,-4.97,2049,2054,5
(2014 ML67),25,4.3e-07,21.17,24.2,0.05,-4.99,-5.19,2023,2109,86
(1996 TC1),3,1.3e-06,24.01,23.9,0.055,-5.0,-5.02,2064,2072,8
(2010 JH110),5,7.5e-05,8.07,26.3,0.019,-5.01,-5.17,2071,2102,31
(2005 CC37),1,1.9e-06,8.42,22.7,0.098,-5.01,-5.01,2117,2117,0
(2013 EV27),5,2.8000000000000003e-05,12.37,27.0,0.013999999999999999,-5.01,-5.01,2038,2075,37
(2011 AE3),616,5.7999999999999994e-05,4.77,27.7,0.01,-5.01,-5.24,2021,2117,96
(2010 XB73),50,2.8e-07,5.98,22.5,0.11,-5.02,-5.68,2023,2110,87
(2011 MX),21,9.300000000000001e-05,12.15,26.9,0.013999999999999999,-5.02,-5.34,2070,2086,16
(2018 XQ2),64,0.00072,3.81,28.1,0.008,-5.02,-5.51,2065,2120,55
(2020 US7),260,1.9e-05,7.35,25.8,0.024,-5.02,-5.62,2028,2120,92
(2020 JS1),31,9.1e-06,5.22,26.3,0.018000000000000002,-5.02,-5.06,2022,2109,87
(2006 CM10),1,1.8e-07,22.34,21.7,0.15,-5.03,-5.03,2092,2092,0
(2010 VQ),50,0.00014,4.57,27.7,0.01,-5.03,-5.24,2034,2114,80
(2006 JE),5,1.8000000000000001e-06,26.35,23.8,0.057999999999999996,-5.04,-5.1,2094,2112,18
(2014 MA68),389,1.6e-05,4.96,25.9,0.022000000000000002,-5.04,-5.56,2021,2116,95
(2004 VM24),28,2.3e-05,12.86,25.7,0.025,-5.05,-5.62,2049,2114,65
(2011 CW46),100,5e-07,16.62,24.7,0.039,-5.05,-5.1,2021,2115,94
(2012 SY49),23,1.2e-05,15.65,25.8,0.023,-5.05,-5.42,2031,2114,83
(2000 LG6),38,0.0019,2.11,29.0,0.005,-5.06,-5.46,2075,2115,40
(2020 XV6),1,2.8e-07,34.37,22.7,0.099,-5.07,-5.07,2099,2099,0
(2010 VW194),35,7.099999999999999e-05,7.31,26.5,0.017,-5.08,-5.63,2042,2116,74
(2019 JO1),4,4.1e-05,18.23,27.3,0.012,-5.08,-5.1,2044,2052,8
(2006 CD),47,2.1e-08,11.28,20.9,0.223,-5.09,-5.61,2021,2116,95
(2017 QC36),61,4.8e-07,4.62,23.1,0.083,-5.11,-5.4,2024,2119,95
(2020 KN2),11,4e-05,7.88,26.4,0.018000000000000002,-5.11,-5.12,2063,2120,57
(2020 VB5),1,3.4e-05,16.92,27.7,0.01,-5.13,-5.13,2037,2037,0
(2007 CC27),34,7.7e-05,10.88,26.9,0.013999999999999999,-5.13,-5.65,2067,2105,38
(2017 GG8),4,2.4e-05,11.46,26.1,0.021,-5.13,-5.17,2066,2078,12
(1994 GV),48,0.00016,8.09,27.5,0.011000000000000001,-5.14,-5.69,2036,2116,80
(2009 TH8),3,8.900000000000001e-06,13.03,24.9,0.036000000000000004,-5.14,-5.19,2097,2100,3
(2020 BW5),10,2.5e-05,8.67,26.4,0.018000000000000002,-5.14,-5.19,2046,2110,64
(2004 PU42),26,7.6e-05,10.12,26.8,0.015,-5.15,-5.87,2071,2115,44
(2007 DS7),23,2.1e-05,12.38,25.9,0.023,-5.17,-5.38,2048,2114,66
(2009 FZ4),396,2.4e-06,10.13,25.2,0.031,-5.17,-5.89,2021,2116,95
(2010 JL88),82,5.6999999999999996e-05,14.87,26.8,0.015,-5.17,-5.85,2049,2116,67
(2010 UJ),111,1.1e-05,2.92,26.3,0.019,-5.17,-5.47,2022,2109,87
(2016 NL39),74,0.00025,3.94,27.6,0.01,-5.18,-5.94,2055,2120,65
(2021 EM),1,7.499999999999999e-06,8.1,24.4,0.044000000000000004,-5.18,-5.18,2102,2102,0
(2020 VN1),17,0.0005200000000000001,2.95,27.9,0.009000000000000001,-5.18,-5.42,2082,2116,34
(1999 RZ31),2,1.6e-06,8.2,23.8,0.059000000000000004,-5.19,-5.25,2056,2056,0
(2013 BL18),5,2.1e-05,14.19,26.0,0.022000000000000002,-5.19,-5.33,2070,2092,22
(2014 UD57),6,2.8999999999999997e-05,8.72,25.8,0.023,-5.19,-5.32,2076,2115,39
(2008 YO2),29,7.6e-06,16.49,25.2,0.031,-5.2,-5.76,2052,2109,57
(2010 MZ112),193,4.7e-06,1.8,25.3,0.032,-5.2,-6.52,2029,2117,88
(2020 CO2),25,3.6e-05,15.78,26.7,0.016,-5.2,-5.41,2048,2118,70
(2018 YH2),104,3.3e-07,9.71,23.1,0.08199999999999999,-5.2,-5.8,2024,2119,95
(2001 BA16),5,9.9e-06,4.9,25.8,0.023,-5.21,-5.24,2033,2052,19
(2014 JR24),34,0.0012,3.72,29.3,0.005,-5.21,-5.25,2069,2115,46
(2017 NT5),6,5.8e-07,20.15,22.9,0.09,-5.21,-5.65,2050,2115,65
(2020 CD3),24,0.022000000000000002,11.269625108979952,31.7,0.002,-5.21,-5.54,2061,2118,57
(2011 AM37),76,0.0012,3.65,29.7,0.004,-5.22,-5.34,2048,2117,69
(2017 SA20),509,0.00043,5.87,28.4,0.006999999999999999,-5.22,-6.39,2027,2120,93
(2013 WM),2,4.3e-07,35.43,23.9,0.055,-5.23,-5.39,2047,2105,58
(2006 BC8),20,9.5e-06,13.16,25.1,0.032,-5.23,-5.54,2050,2112,62
(2008 ST),23,0.00016,3.24,27.1,0.013000000000000001,-5.23,-5.52,2047,2116,69
(2006 QN111),1,1.9e-06,10.55,23.8,0.06,-5.24,-5.24,2079,2079,0
(2018 CM),14,0.00016,9.5,27.8,0.009000000000000001,-5.24,-5.33,2063,2120,57
(2019 DP),18,1.2e-05,8.79,24.9,0.035,-5.24,-5.96,2073,2120,47
(2009 FJ),15,9.4e-06,8.92,24.9,0.036000000000000004,-5.25,-5.65,2058,2117,59
(2009 BR5),2,1.7e-07,17.97,22.1,0.13,-5.26,-5.26,2059,2078,19
(2014 HN197),57,6.5e-08,7.43,21.2,0.19399999999999998,-5.26,-6.17,2027,2118,91
(2008 KO),3,7.8e-07,23.49,24.4,0.045,-5.29,-5.61,2049,2061,12
(2011 BG10),4,1.3000000000000001e-05,12.3,26.3,0.019,-5.29,-5.55,2051,2074,23
(2005 EL70),1,1.3e-07,35.53,24.1,0.052000000000000005,-5.29,-5.29,2034,2034,0
(2019 XV),20,0.0014,1.33,29.2,0.005,-5.29,-5.93,2056,2116,60
(2005 TM173),146,9.4e-07,8.66,24.1,0.051,-5.31,-6.23,2021,2116,95
(2005 WG57),7,7.2e-07,9.88,23.6,0.063,-5.31,-5.46,2029,2104,75
(2021 DR),86,0.00018999999999999998,3.44,27.8,0.009000000000000001,-5.31,-5.64,2046,2120,74
(2020 BK3),6,6.3e-05,10.38,26.9,0.013999999999999999,-5.31,-5.32,2091,2105,14
(2007 UO6),13,2e-05,11.68,27.4,0.011000000000000001,-5.32,-5.57,2031,2113,82
(2010 HV20),2,1.3e-07,24.74,21.9,0.14,-5.32,-5.36,2116,2116,0
(2020 OR4),15,7.9e-06,21.38,25.6,0.025,-5.32,-5.62,2093,2117,24
(2021 EL3),132,0.00078,5.4,28.8,0.006,-5.33,-5.82,2088,2121,33
(2017 AY20),1,2.4e-10,19.79,20.1,0.33,-5.33,-5.33,2021,2021,0
(2009 FG),30,7.9e-06,9.12,25.5,0.027000000000000003,-5.34,-5.92,2022,2112,90
(2018 TP5),23,1.6e-05,10.86,25.8,0.024,-5.34,-5.87,2074,2105,31
(2015 KG158),36,0.00023999999999999998,7.69,28.3,0.006999999999999999,-5.34,-5.4,2045,2111,66
(2018 GE2),44,8.1e-05,6.11,27.0,0.013000000000000001,-5.34,-5.83,2060,2117,57
(2002 TY59),5,1.7e-05,8.22,25.4,0.027999999999999997,-5.35,-5.53,2084,2114,30
(2007 EV),9,8.8e-06,10.59,25.0,0.033,-5.36,-5.8,2088,2117,29
(2011 BT59),3,8.6e-09,37.6,20.9,0.22,-5.36,-5.39,2052,2119,67
(2008 VS4),308,5.8e-07,9.51,24.2,0.049,-5.37,-6.3,2021,2114,93
(2018 PZ21),18,3.8e-05,6.3,26.7,0.016,-5.37,-5.44,2045,2119,74
(2012 BY1),7,4e-06,18.19,25.8,0.024,-5.38,-5.56,2043,2074,31
(2009 OW6),2,1.2e-05,6.65,25.3,0.028999999999999998,-5.39,-5.55,2080,2115,35
(2019 HS3),7,1e-05,26.19,26.9,0.013999999999999999,-5.39,-5.45,2055,2083,28
(2016 RR1),26,0.00021,6.75,27.8,0.009000000000000001,-5.39,-5.71,2063,2113,50
(2020 UC),56,0.00011999999999999999,7.57,27.6,0.01,-5.39,-5.96,2053,2117,64
(2018 JN),4,1.2e-05,7.76,25.1,0.033,-5.39,-5.54,2100,2120,20
(2018 VS6),17,4.7e-05,11.8,26.9,0.013999999999999999,-5.4,-5.59,2083,2118,35
(2015 BW516),4,5.7999999999999994e-05,11.48,27.7,0.01,-5.4,-5.75,2052,2061,9
(2020 BY4),13,8.400000000000001e-06,20.43,26.1,0.02,-5.4,-5.79,2055,2117,62
(2020 DK),21,2.2e-05,10.44,26.0,0.021,-5.4,-6.17,2089,2119,30
(2020 HQ4),47,7.3e-05,3.52,27.0,0.013999999999999999,-5.4,-6.07,2051,2119,68
(2010 GH7),56,0.00014,5.05,27.3,0.012,-5.41,-5.91,2099,2117,18
(2020 WG5),14,0.00016999999999999999,5.95,27.7,0.01,-5.41,-5.5,2086,2120,34
(2016 DA31),189,0.00029,13.74,29.9,0.004,-5.41,-5.7,2031,2117,86
(2004 GE2),2,6.5e-08,20.57,21.4,0.18,-5.42,-5.51,2106,2109,3
(2005 VN5),23,5e-05,6.57,27.0,0.013999999999999999,-5.42,-5.87,2047,2115,68
(2012 DJ54),47,0.00033999999999999997,5.43,28.5,0.006999999999999999,-5.42,-5.72,2068,2119,51
(2016 BA15),16,1.7e-05,15.88,26.8,0.015,-5.42,-5.54,2054,2108,54
(2005 AU3),30,1.4999999999999999e-05,14.39,26.0,0.021,-5.43,-6.09,2081,2117,36
(2011 SM173),10,5.6000000000000006e-05,14.25,27.8,0.009000000000000001,-5.43,-5.47,2058,2112,54
(2016 LP10),28,0.00011,15.57,29.5,0.004,-5.44,-5.56,2023,2115,92
(2019 SX),58,0.00049,14.43,29.5,0.004,-5.44,-5.65,2048,2116,68
(2020 GB1),16,2.8000000000000003e-05,8.28,26.9,0.013999999999999999,-5.45,-5.57,2049,2116,67
(2020 GA3),17,4.5e-06,16.87,25.1,0.033,-5.45,-5.81,2054,2119,65
(2004 ME6),44,1e-07,12.16,22.6,0.10300000000000001,-5.46,-6.24,2023,2105,82
(2009 FZ10),3,1e-05,13.01,25.5,0.027000000000000003,-5.46,-5.48,2111,2115,4
(2012 VJ38),27,0.00011,4.45,28.5,0.006999999999999999,-5.46,-5.57,2031,2111,80
(2019 UH9),11,3e-06,22.38,25.2,0.031,-5.46,-5.9,2078,2114,36
(2008 EL68),584,2.8000000000000003e-05,3.61,27.9,0.009000000000000001,-5.47,-6.58,2021,2113,92
(2019 KJ4),83,8.4e-05,5.01,27.2,0.012,-5.47,-6.26,2059,2118,59
(2011 EB),4,3.3e-05,10.31,26.9,0.013999999999999999,-5.49,-5.57,2070,2110,40
(2020 PO4),62,5.6999999999999996e-05,5.82,26.9,0.013999999999999999,-5.49,-6.18,2053,2120,67
(2020 PQ2),2,7.8e-07,20.39,24.3,0.048,-5.49,-5.54,2066,2092,26
(2010 TW149),54,8.599999999999999e-06,17.07,25.9,0.023,-5.5,-6.04,2058,2113,55
(2020 GO1),49,0.00013000000000000002,6.85,27.6,0.01,-5.5,-6.03,2064,2120,56
(2009 VA),18,2.2e-05,8.26,28.6,0.006,-5.51,-5.55,2025,2048,23
(2008 EM68),1078,9.699999999999999e-06,14.48,27.7,0.01,-5.52,-6.46,2021,2116,95
(2016 TY55),18,4.9e-05,4.61,26.9,0.013999999999999999,-5.52,-5.6,2074,2118,44
(2014 GQ17),81,5.2000000000000004e-05,5.41,27.1,0.013000000000000001,-5.52,-6.26,2052,2115,63
(2016 CK137),88,5.4000000000000005e-05,9.83,27.3,0.012,-5.52,-5.95,2040,2119,79
(2020 UL3),4,9.7e-07,10.19,23.3,0.075,-5.52,-5.97,2111,2119,8
(2013 FU13),5,6.8e-05,5.73,27.2,0.012,-5.53,-5.88,2081,2098,17
(2012 TV),13,3.1e-06,16.67,25.2,0.031,-5.53,-5.76,2070,2107,37
(2020 UO4),39,0.00047000000000000004,3.22,28.6,0.006,-5.53,-5.7,2088,2120,32
(2008 CT1),148,6.1e-05,13.77,27.6,0.01,-5.55,-6.17,2041,2117,76
(2020 BY1),1,5.2e-06,16.64,26.4,0.018000000000000002,-5.55,-5.55,2049,2049,0
(1991 BA),46,1.1e-05,17.23,28.7,0.006,-5.56,-5.6,2023,2115,92
(2009 RR),24,8.3e-06,12.95,25.6,0.026000000000000002,-5.56,-6.32,2098,2115,17
(2012 BL14),526,1.6e-05,19.81,28.2,0.008,-5.56,-5.98,2021,2116,95
(2017 DC120),80,4.8e-08,10.35,22.3,0.12,-5.56,-5.99,2024,2115,91
(2021 AX6),17,2.8000000000000003e-05,7.14,26.8,0.013999999999999999,-5.56,-5.68,2045,2120,75
(2009 BF58),34,6.2e-05,6.68,27.2,0.012,-5.57,-5.97,2055,2117,62
(2006 HX57),2,3.1e-06,10.53,25.2,0.031,-5.58,-5.61,2045,2065,20
(2009 CZ1),2,7.5e-07,17.81,24.4,0.044000000000000004,-5.58,-5.72,2058,2074,16
(2018 VA8),24,3.3e-05,11.82,26.9,0.013999999999999999,-5.58,-5.96,2099,2116,17
(2021 AB4),29,4.2e-05,5.91,26.8,0.015,-5.6,-5.94,2078,2117,39
(2021 EO2),19,3.5e-05,5.81,27.8,0.009000000000000001,-5.61,-5.73,2037,2110,73
(2011 KF36),6,9.9e-10,22.33,20.4,0.28,-5.61,-5.91,2022,2106,84
(2011 FQ6),30,6.500000000000001e-05,10.5,27.7,0.01,-5.62,-5.76,2053,2115,62
(2019 UT),11,0.00011,10.9,27.9,0.009000000000000001,-5.63,-5.95,2103,2117,14
(2018 FE4),6,1.5e-06,20.69,24.7,0.038,-5.63,-5.92,2085,2101,16
(2017 RZ15),29,5e-05,7.87,27.1,0.013000000000000001,-5.64,-5.99,2071,2117,46
(2017 AB21),25,5.6000000000000005e-09,10.69,20.7,0.243,-5.64,-6.13,2024,2110,86
(2018 HW1),7,1.7e-05,4.74,25.8,0.024,-5.64,-5.68,2108,2118,10
(2017 OE7),1,2.8999999999999997e-05,4.28,26.3,0.019,-5.64,-5.64,2114,2114,0
(2017 QF3),28,3.2e-05,12.76,27.8,0.009000000000000001,-5.64,-6.03,2043,2101,58
(2010 UB),2,3.6000000000000003e-06,7.99,24.6,0.040999999999999995,-5.65,-5.77,2116,2116,0
(2016 NK22),81,0.00045,6.88,28.9,0.005,-5.65,-5.85,2084,2115,31
(2018 GG),4,1.9e-06,14.26,24.6,0.04,-5.65,-5.65,2086,2095,9
(2020 ED),4,4e-05,7.09,26.9,0.013999999999999999,-5.65,-5.78,2096,2117,21
(2017 UL7),2,3.6e-07,16.22,24.4,0.045,-5.66,-5.75,2041,2054,13
(2019 AW2),1,2.8999999999999998e-06,13.73,25.3,0.028999999999999998,-5.66,-5.66,2072,2072,0
(2021 EC4),14,1.1e-06,16.24,24.1,0.05,-5.66,-6.19,2094,2120,26
(2012 LJ),2,2.7000000000000004e-06,18.7,25.6,0.026000000000000002,-5.67,-5.7,2051,2072,21
(2012 WS3),33,1.2e-05,8.78,25.9,0.022000000000000002,-5.67,-6.55,2082,2116,34
(2013 RS43),42,3.9e-05,5.68,27.0,0.013000000000000001,-5.67,-6.15,2073,2116,43
(2016 CD30),11,4.2e-05,10.53,27.7,0.01,-5.67,-5.73,2056,2111,55
(2020 UT4),26,4.4e-05,17.92,28.2,0.008,-5.67,-6.11,2045,2119,74
(2010 UH),38,5.1e-05,6.74,27.1,0.013000000000000001,-5.68,-5.87,2047,2115,68
(2007 YM),246,4.2999999999999995e-06,7.62,26.3,0.018000000000000002,-5.69,-6.3,2021,2115,94
(2018 WH),186,0.00082,7.5,29.9,0.004,-5.69,-5.85,2053,2118,65
(2008 LE),120,2.3e-06,8.56,26.0,0.022000000000000002,-5.69,-6.08,2021,2116,95
(2020 HB3),9,4.6e-06,11.38,25.1,0.032,-5.69,-6.05,2105,2119,14
(2020 SW5),6,6.8e-06,15.79,25.8,0.023,-5.69,-5.95,2110,2113,3
(2012 BK14),665,5.3e-05,3.71,28.0,0.009000000000000001,-5.7,-6.85,2022,2117,95
(2014 MO68),2,6.3e-07,9.83,23.3,0.073,-5.71,-5.71,2088,2108,20
(2017 FB1),2,2.6e-07,22.18,23.4,0.07200000000000001,-5.71,-5.97,2098,2106,8
(2020 YB1),19,1.9e-05,11.79,26.8,0.015,-5.71,-6.17,2073,2120,47
(2011 AY22),33,2.8000000000000003e-05,12.98,27.1,0.013000000000000001,-5.72,-6.45,2044,2115,71
(2012 BU1),26,7.3e-05,8.96,27.7,0.01,-5.72,-6.21,2071,2116,45
(2020 XG),66,0.00011,11.12,28.1,0.008,-5.72,-6.19,2081,2120,39
(2010 UY7),46,0.00022999999999999998,3.87,28.5,0.006999999999999999,-5.73,-6.18,2066,2114,48
(2020 FK6),104,6.1e-05,13.13,28.1,0.008,-5.73,-6.71,2054,2117,63
(2006 UU17),6,1.7e-05,9.8,26.4,0.018000000000000002,-5.74,-6.0,2075,2107,32
(2009 HW67),4,2.8999999999999998e-06,22.61,26.1,0.02,-5.74,-6.08,2046,2079,33
(2015 FA345),17,1.6e-07,9.44,24.1,0.052000000000000005,-5.74,-5.82,2024,2102,78
(2011 BF40),1,1.2e-06,18.5,24.8,0.037000000000000005,-5.76,-5.76,2083,2083,0
(2014 QC391),44,5.6000000000000006e-05,7.61,27.5,0.011000000000000001,-5.77,-6.22,2078,2116,38
(2015 DQ224),191,8.3e-05,14.95,29.3,0.005,-5.77,-6.61,2025,2089,64
(2016 JB18),16,6.9e-05,3.25,27.4,0.011000000000000001,-5.77,-5.8,2089,2116,27
(2017 YO5),9,1.4000000000000001e-05,7.34,26.1,0.02,-5.77,-6.07,2090,2117,27
(2017 UJ43),29,4.9e-05,6.91,27.8,0.009000000000000001,-5.78,-6.12,2050,2109,59
(2021 CH3),6,3.5e-07,16.01,23.9,0.055999999999999994,-5.78,-6.23,2061,2087,26
(2019 FA),15,6.6e-05,5.68,28.7,0.006,-5.79,-6.27,2036,2094,58
(2019 YV1),5,5.3e-06,5.74,25.2,0.031,-5.79,-6.2,2101,2119,18
(2006 SC),8,1.6e-06,12.22,25.2,0.031,-5.79,-5.93,2043,2109,66
(2011 AK37),1,2.8e-06,11.87,25.1,0.032,-5.8,-5.8,2097,2097,0
(2012 VS76),9,1.8e-05,11.47,26.9,0.013999999999999999,-5.8,-6.16,2080,2114,34
(2018 BN6),22,1.9e-05,10.23,26.8,0.015,-5.8,-6.0,2077,2117,40
443104 (2013 XK22),1,1.4e-06,6.9,24.2,0.05,-5.8,-5.8,2101,2101,0
(2013 NH6),2,1.1e-07,21.74,23.4,0.073,-5.8,-6.05,2060,2060,0
(2017 VJ),7,1.9e-06,11.52,24.5,0.042,-5.8,-6.06,2109,2118,9
(2020 KU),20,0.00014,6.92,28.5,0.006999999999999999,-5.8,-6.08,2070,2108,38
(2017 YO3),26,4.1e-05,8.31,28.2,0.008,-5.81,-5.88,2049,2067,18
(2017 FN1),7,0.00016999999999999999,17.92,30.6,0.003,-5.81,-5.91,2033,2072,39
(2020 KC5),3,3.6e-05,8.96,27.3,0.012,-5.81,-5.81,2083,2106,23
(2020 YK3),6,3.2e-05,4.13,27.1,0.013000000000000001,-5.81,-5.98,2064,2113,49
(2009 WR52),59,8.4e-05,5.41,28.3,0.006999999999999999,-5.82,-6.23,2031,2113,82
(2011 DS),16,2.7000000000000002e-05,6.54,27.0,0.013000000000000001,-5.82,-6.12,2065,2116,51
(2017 MZ8),62,3.2e-08,9.59,22.4,0.11199999999999999,-5.82,-6.22,2023,2119,96
(2015 EO),7,7.000000000000001e-06,14.25,26.6,0.016,-5.83,-6.17,2050,2083,33
(2016 SK2),5,2.2e-06,13.64,25.3,0.028999999999999998,-5.83,-5.86,2073,2082,9
(2020 AW),82,0.00016999999999999999,4.56,28.7,0.006,-5.83,-6.55,2044,2118,74
(2016 SA2),13,0.00013000000000000002,5.19,28.1,0.008,-5.83,-6.19,2110,2119,9
(2007 XZ9),2,1.1e-06,13.01,24.8,0.037000000000000005,-5.84,-5.88,2068,2089,21
(2010 HP20),631,4.9e-05,7.36,28.2,0.008,-5.84,-6.71,2021,2115,94
(2011 DV10),1,1.2e-06,16.27,24.8,0.038,-5.84,-5.84,2093,2093,0
(2019 DX),16,1.7e-05,12.39,26.9,0.013999999999999999,-5.84,-6.14,2051,2103,52
(2020 WN5),142,6.4e-05,11.59,28.0,0.009000000000000001,-5.84,-6.55,2055,2120,65
(2019 JR2),14,2.2e-05,13.36,27.1,0.013000000000000001,-5.85,-5.97,2079,2118,39
(2017 HG4),23,3.9e-05,3.71,27.6,0.01,-5.85,-6.55,2048,2115,67
(2007 UD6),53,8.8e-05,5.99,28.3,0.006999999999999999,-5.86,-6.42,2058,2096,38
(2005 SO1),9,3.9e-06,12.02,25.4,0.027999999999999997,-5.86,-6.37,2110,2110,0
(2016 CY135),7,1.9e-06,6.75,24.5,0.043,-5.86,-6.31,2103,2119,16
(2018 BL11),24,8.8e-05,11.29,28.2,0.008,-5.86,-6.1,2102,2119,17
(2019 GD4),28,5e-05,7.52,27.7,0.01,-5.86,-6.2,2065,2118,53
(2018 RB2),31,3.5e-05,9.05,27.3,0.012,-5.87,-6.25,2092,2119,27
(2008 EV84),3,7.1e-07,12.93,25.4,0.028999999999999998,-5.88,-5.89,2041,2106,65
(2011 TO),5,6e-06,8.55,26.3,0.019,-5.88,-5.89,2063,2076,13
(2015 MN11),2,5.1e-07,21.06,24.5,0.042,-5.88,-5.91,2081,2081,0
(2020 UX4),9,6.2e-06,7.67,25.8,0.024,-5.88,-6.01,2074,2113,39
(2017 AA21),194,2.4e-06,7.82,26.0,0.021,-5.88,-6.73,2024,2117,93
(2006 WV29),12,5.7000000000000005e-06,16.74,26.5,0.017,-5.89,-6.27,2036,2108,72
(2009 HC),10,2.8999999999999998e-06,3.72,24.8,0.038,-5.89,-6.24,2095,2114,19
(2019 NO2),4,9.6e-05,8.72,28.3,0.008,-5.89,-5.89,2102,2117,15
(2020 LV),2,5e-06,4.49,25.3,0.03,-5.89,-5.91,2109,2114,5
(2005 TH50),25,5.5e-05,4.95,28.0,0.009000000000000001,-5.9,-6.23,2031,2101,70
(2006 WZ184),25,9.3e-06,7.26,26.1,0.021,-5.9,-6.69,2084,2114,30
(2013 RO30),10,9.1e-05,9.26,28.4,0.006999999999999999,-5.9,-6.01,2044,2095,51
(2016 GK2),9,4.8e-05,9.12,27.8,0.009000000000000001,-5.9,-6.14,2092,2116,24
(2017 UC52),43,4e-07,13.63,24.3,0.048,-5.9,-6.47,2046,2116,70
(2020 VO1),28,6.8e-05,7.68,28.0,0.009000000000000001,-5.9,-6.22,2058,2120,62
(2009 TU),7,1.9e-05,15.15,27.4,0.011000000000000001,-5.91,-6.45,2086,2111,25
(2021 FU),15,1.2e-05,9.83,27.4,0.011000000000000001,-5.91,-5.95,2036,2117,81
(2015 TG24),30,1.6e-05,9.84,26.7,0.016,-5.92,-6.82,2102,2116,14
(2011 CF66),822,1.4000000000000001e-05,13.01,27.8,0.009000000000000001,-5.93,-7.13,2022,2117,95
(2011 BP40),15,1.3e-06,3.48,25.4,0.027999999999999997,-5.93,-6.27,2031,2105,74
(2014 JV79),168,2.9e-07,11.14,25.2,0.031,-5.93,-6.47,2021,2116,95
(2014 OM207),3,0.00022999999999999998,8.2,29.1,0.005,-5.93,-5.94,2089,2101,12
(2018 EB4),2,2.6e-06,13.09,25.4,0.027999999999999997,-5.93,-5.94,2099,2103,4
(2004 VZ14),4,1.9e-06,15.26,25.3,0.03,-5.94,-6.38,2076,2114,38
(2021 FO1),16,0.00041,7.25,29.5,0.004,-5.94,-5.96,2079,2120,41
(2021 EA),3,2.5e-05,9.46,28.0,0.009000000000000001,-5.94,-5.97,2055,2059,4
(2007 PR25),3,1.8999999999999998e-08,29.29,21.9,0.14,-5.95,-6.07,2094,2113,19
(2006 BM8),11,2.6e-06,14.79,25.4,0.027999999999999997,-5.95,-6.13,2106,2115,9
(2007 EO88),8,8.599999999999999e-06,10.95,26.4,0.018000000000000002,-5.96,-6.47,2073,2111,38
(2013 GA55),23,4.5e-05,9.34,27.7,0.01,-5.96,-6.12,2070,2114,44
(2009 TB),38,5.9e-06,10.29,29.2,0.005,-5.96,-6.3,2021,2112,91
(2016 RP41),48,1.5e-08,8.17,22.5,0.11,-5.96,-6.36,2022,2114,92
(2017 UE52),55,2.4e-08,11.53,22.9,0.091,-5.96,-6.35,2022,2108,86
(2017 WL15),15,2.5e-06,17.98,25.8,0.023,-5.96,-6.47,2058,2114,56
(2020 TF6),6,1.6e-05,12.55,27.6,0.01,-5.96,-6.32,2056,2075,19
(2020 WD),6,8.9e-05,5.69,28.2,0.008,-5.96,-6.17,2055,2120,65
(2009 JL2),12,3.4e-06,12.83,26.0,0.022000000000000002,-5.97,-6.46,2057,2116,59
(2012 PB20),10,2.8e-06,4.03,24.9,0.035,-5.97,-6.58,2066,2116,50
(2018 EE9),26,6.3e-06,15.96,26.3,0.018000000000000002,-5.97,-6.11,2067,2115,48
(2020 DO2),10,6.900000000000001e-06,22.34,26.8,0.015,-5.97,-6.37,2071,2113,42
(2013 BR27),40,2.8999999999999997e-05,10.95,27.7,0.01,-5.99,-6.44,2073,2106,33
(2015 ET),11,8.900000000000001e-06,11.67,26.7,0.016,-5.99,-6.46,2076,2117,41
(2021 EO),10,2.8999999999999998e-06,7.45,25.1,0.032,-5.99,-6.52,2110,2119,9
(2020 FZ2),3,1.1e-06,22.31,25.1,0.032,-5.99,-6.23,2110,2118,8
(2020 AO1),1,9.1e-08,17.02,23.7,0.062,-6.0,-6.0,2049,2049,0
(2019 SC),1,6.1e-06,14.26,27.2,0.012,-6.0,-6.0,2051,2051,0
(2021 FM2),15,0.0003,10.85,30.1,0.003,-6.0,-6.01,2050,2079,29
(2011 UU190),5,5.400000000000001e-06,11.269625108979952,28.1,0.008,-6.01,-6.18,2025,2095,70
(2007 TL16),10,5.0999999999999995e-06,11.43,26.2,0.019,-6.02,-6.11,2074,2090,16
(2009 HS44),1,6.3e-06,18.29,26.6,0.017,-6.02,-6.02,2111,2111,0
(2014 GY44),4,1.7e-06,12.31,25.4,0.027999999999999997,-6.02,-6.28,2074,2089,15
(2016 EM156),4,5.6999999999999996e-05,8.81,27.9,0.009000000000000001,-6.03,-6.04,2108,2116,8
(2017 HJ61),9,1e-05,13.44,28.8,0.006,-6.03,-6.06,2024,2089,65
(2016 NP56),17,4.5e-06,2.18,26.2,0.019,-6.03,-6.26,2024,2113,89
(2019 BZ),18,2.7000000000000002e-05,8.62,27.6,0.01,-6.03,-6.24,2077,2119,42
(2020 UK2),7,1.6e-05,7.61,26.9,0.013999999999999999,-6.03,-6.39,2089,2109,20
(2014 SR261),8,4.6e-06,15.27,26.8,0.015,-6.04,-6.1,2058,2115,57
(2019 AH3),4,1.2e-05,18.04,28.0,0.009000000000000001,-6.04,-6.16,2060,2071,11
(2017 WF30),965,2e-06,6.63,26.4,0.018000000000000002,-6.05,-7.06,2021,2119,98
(2010 TW54),16,3.2e-05,7.78,27.6,0.01,-6.06,-6.1,2074,2115,41
(2012 BA102),7,1.2e-05,7.21,26.5,0.017,-6.06,-6.3,2104,2117,13
(2017 RC),26,4.5e-05,9.85,27.9,0.009000000000000001,-6.06,-6.49,2086,2117,31
(2016 CG18),40,8.8e-05,4.25,28.5,0.006999999999999999,-6.06,-6.4,2062,2116,54
(2020 BJ14),1,5.1e-07,10.6,24.3,0.047,-6.06,-6.06,2082,2082,0
(2021 CN5),14,2.5e-05,16.04,27.8,0.009000000000000001,-6.07,-6.32,2110,2121,11
(2020 RJ2),24,0.00025,3.55,29.2,0.005,-6.07,-6.46,2061,2119,58
(2016 LG10),4,3.2e-06,8.69,25.5,0.027000000000000003,-6.08,-6.44,2108,2108,0
(2017 SC33),2,3.6000000000000005e-10,25.18,21.1,0.21,-6.08,-6.17,2024,2029,5
(2007 UN12),8,0.00016,1.57,28.8,0.006,-6.09,-6.41,2089,2119,30
(2009 TD17),55,2.3e-05,6.57,27.7,0.01,-6.09,-6.91,2047,2110,63
(2010 VO139),217,1.6e-06,20.62,26.6,0.017,-6.09,-6.86,2022,2115,93
(2012 XM16),4,2.4e-06,12.68,25.8,0.024,-6.09,-6.17,2081,2107,26
(2019 RT3),5,1.9e-06,7.62,25.2,0.031,-6.09,-6.26,2087,2117,30
(2019 TK5),19,1.4999999999999999e-05,5.58,27.4,0.011000000000000001,-6.09,-6.22,2061,2096,35
(2013 WZ44),1,3e-06,12.56,25.7,0.025,-6.1,-6.1,2111,2111,0
(2019 BU1),2,2e-06,14.35,26.2,0.02,-6.1,-6.14,2056,2062,6
(2014 FX32),2,1.1e-06,9.05,25.1,0.033,-6.11,-6.12,2076,2108,32
(2017 YV8),26,2.3e-05,7.51,27.4,0.011000000000000001,-6.11,-6.3,2078,2117,39
(2014 WA),1,1.8e-05,9.55,28.2,0.008,-6.11,-6.11,2049,2049,0
(2015 TL21),6,3.3e-06,15.23,26.4,0.018000000000000002,-6.11,-6.56,2061,2095,34
(2007 YS56),3,4.2000000000000004e-06,9.14,25.8,0.023,-6.12,-6.39,2104,2113,9
(2008 YV32),12,6.2e-06,8.79,26.4,0.018000000000000002,-6.12,-6.63,2085,2107,22
(2009 VZ39),891,6.900000000000001e-06,6.34,27.9,0.009000000000000001,-6.12,-7.35,2021,2116,95
(2015 RD36),1,2e-08,36.46,22.6,0.1,-6.12,-6.12,2099,2099,0
(2017 DW119),34,1.6e-06,8.71,26.6,0.016,-6.12,-6.41,2023,2113,90
(2016 TQ18),3,6.6e-06,9.59,26.3,0.018000000000000002,-6.13,-6.17,2086,2110,24
(2018 BD),8,6.2e-05,8.89,30.2,0.003,-6.13,-6.13,2032,2092,60
(2008 DA4),2,3.4e-07,11.16,23.9,0.055999999999999994,-6.14,-6.41,2091,2100,9
(2015 BE511),5,5.1e-05,9.87,28.7,0.006,-6.14,-6.27,2057,2103,46
(2021 CC7),5,0.00035,3.99,29.7,0.004,-6.14,-6.14,2100,2118,18
(2001 SB170),2,2.8999999999999998e-08,22.49,22.4,0.11,-6.15,-6.45,2089,2095,6
(2019 UL),15,0.00011,4.24,28.7,0.006,-6.15,-6.36,2088,2117,29
(2018 SD2),33,7.099999999999999e-05,2.85,28.4,0.006999999999999999,-6.15,-6.62,2065,2115,50
(2021 EF3),10,0.00027,3.41,29.3,0.005,-6.15,-6.69,2086,2121,35
(2009 TM8),168,7.6e-05,7.96,28.6,0.006999999999999999,-6.16,-7.54,2079,2116,37
(2007 TX22),57,3.4e-05,8.87,28.4,0.006999999999999999,-6.16,-6.91,2040,2088,48
(2010 CS19),7,4.5e-05,6.82,28.0,0.009000000000000001,-6.16,-6.21,2104,2116,12
(2012 CL17),19,1.4e-06,21.48,25.7,0.024,-6.16,-6.66,2095,2115,20
(2011 WN69),3,2.2e-06,23.03,26.2,0.02,-6.16,-6.38,2038,2109,71
(2013 HT14),3,1.7e-06,20.51,26.3,0.019,-6.17,-6.29,2071,2077,6
(2021 ER),7,1.6e-05,4.29,27.0,0.013999999999999999,-6.17,-6.62,2080,2115,35
(2007 VH189),5,2.8e-08,18.48,23.4,0.073,-6.18,-6.63,2037,2045,8
(2017 UP43),5,7.2000000000000005e-06,7.91,26.4,0.018000000000000002,-6.18,-6.47,2110,2116,6
(2017 DA120),4,7.000000000000001e-10,15.51,20.9,0.23,-6.19,-6.33,2024,2041,17
(2006 SF281),338,1.2e-06,4.55,26.1,0.02,-6.19,-7.7,2023,2116,93
(2016 AZ193),488,2.2e-06,5.05,26.6,0.016,-6.19,-7.15,2021,2114,93
(2020 BB5),10,0.00025,8.82,29.7,0.004,-6.19,-6.2,2092,2119,27
(2020 QJ5),9,7.2000000000000005e-06,9.93,26.8,0.015,-6.19,-6.46,2056,2103,47
(2021 DG),7,0.00016999999999999999,12.9,30.2,0.003,-6.19,-6.38,2044,2072,28
(2002 UV36),1,7.000000000000001e-06,8.06,26.7,0.016,-6.2,-6.2,2087,2087,0
(2020 TO2),2,6.4e-06,12.56,26.5,0.017,-6.2,-6.4,2119,2119,0
(2001 UD5),1,4.0999999999999997e-08,16.73,22.4,0.11,-6.21,-6.21,2107,2107,0
(2016 AB166),3,3.1e-07,21.61,24.4,0.044000000000000004,-6.21,-6.33,2106,2108,2
(2019 CJ4),11,1.9e-06,10.94,25.4,0.027999999999999997,-6.21,-6.7,2075,2116,41
(2005 TA),17,2e-05,4.81,27.2,0.012,-6.22,-6.73,2082,2115,33
(2006 SR131),30,2.8000000000000003e-05,8.46,28.0,0.009000000000000001,-6.22,-6.92,2060,2116,56
(2007 DC),57,1.2e-05,6.75,27.5,0.011000000000000001,-6.22,-6.97,2045,2115,70
(2017 QM33),12,1.1e-05,17.61,27.8,0.01,-6.22,-6.26,2071,2107,36
(2017 DG16),29,0.00015,6.48,29.4,0.004,-6.22,-6.28,2074,2105,31
(2020 OM6),1,1.6e-06,5.05,25.0,0.034,-6.22,-6.22,2106,2106,0
(2008 XU2),1,4.8e-07,9.93,25.6,0.026000000000000002,-6.23,-6.23,2039,2039,0
(2008 VL),632,1.2e-05,9.55,28.0,0.009000000000000001,-6.24,-7.03,2021,2116,95
(2019 MT2),10,5e-06,11.36,26.4,0.018000000000000002,-6.24,-6.64,2079,2109,30
(2019 ED1),15,1.4000000000000001e-05,9.42,27.5,0.011000000000000001,-6.24,-6.79,2070,2103,33
(2011 BU59),10,3.6000000000000003e-06,11.33,26.1,0.02,-6.25,-6.5,2089,2118,29
(2018 FL29),266,8.499999999999999e-05,11.93,30.1,0.003,-6.25,-6.56,2026,2116,90
(2007 US51),8,8.8e-06,15.26,27.2,0.012,-6.26,-6.37,2082,2114,32
(2008 EA9),6,2.3e-05,1.24,27.7,0.01,-6.26,-6.66,2068,2106,38
(2008 KN11),1,3.6e-08,13.83,23.3,0.075,-6.26,-6.26,2046,2046,0
(2016 JA6),7,4.2000000000000004e-06,11.34,26.4,0.018000000000000002,-6.26,-6.48,2081,2117,36
(2017 TW5),5,4.9000000000000005e-06,15.26,27.1,0.013000000000000001,-6.26,-6.33,2072,2115,43
(2020 HF),9,1.6e-06,7.78,25.2,0.031,-6.26,-6.75,2067,2117,50
(2019 FE),2,4e-07,9.93,24.2,0.05,-6.27,-6.44,2095,2118,23
(2015 UR67),1,3.2e-06,11.63,26.3,0.019,-6.27,-6.27,2091,2091,0
(2006 DN),1,3.6e-07,4.0,24.5,0.043,-6.27,-6.27,2056,2056,0
(2003 WT153),57,2.7000000000000002e-05,4.33,28.1,0.008,-6.28,-6.92,2044,2108,64
(2016 EP84),3,1.9e-05,2.33,27.4,0.011000000000000001,-6.28,-6.35,2092,2106,14
(2020 CQ),5,4e-06,15.25,27.0,0.013000000000000001,-6.28,-6.48,2051,2112,61
(2018 LB),11,3.6000000000000003e-06,7.43,26.0,0.022000000000000002,-6.28,-6.8,2092,2116,24
(2021 CJ3),5,8.599999999999999e-06,11.37,27.5,0.011000000000000001,-6.28,-6.44,2062,2081,19
(2004 BN41),3,2.5e-06,7.76,25.8,0.024,-6.29,-6.58,2086,2116,30
(2017 SU17),34,2.8000000000000003e-05,8.32,28.0,0.008,-6.29,-6.83,2069,2117,48
(2008 LD),56,9.300000000000001e-05,4.13,28.9,0.006,-6.29,-7.1,2049,2116,67
(2010 LJ68),17,1.5e-08,9.67,23.1,0.08199999999999999,-6.29,-6.4,2025,2106,81
(2019 NP5),7,2.6000000000000002e-05,5.07,27.6,0.01,-6.29,-6.67,2106,2116,10
(2021 DA2),40,9.7e-05,6.92,29.2,0.005,-6.29,-6.87,2064,2121,57
(2010 TD),5,2.7000000000000004e-06,18.86,26.9,0.013999999999999999,-6.31,-6.66,2072,2091,19
(2020 QF1),1,4e-05,12.42,28.6,0.006,-6.31,-6.31,2102,2102,0
(2021 CU1),29,5.2000000000000004e-05,8.34,28.6,0.006,-6.31,-6.61,2059,2120,61
(2008 VM),1,3.6e-05,10.26,30.2,0.003,-6.32,-6.32,2031,2031,0
(2013 YB),26,7.5e-05,8.95,31.4,0.002,-6.32,-6.67,2022,2063,41
(2015 XR169),146,5.2000000000000004e-05,9.52,28.8,0.006,-6.32,-7.32,2050,2119,69
(2018 CA15),23,4.7e-07,8.37,26.0,0.022000000000000002,-6.32,-6.71,2028,2115,87
(2020 HN),19,3.2e-05,3.44,28.6,0.006,-6.33,-6.53,2055,2119,64
(2004 XB45),2,4.1e-07,17.02,26.3,0.019,-6.34,-6.35,2035,2066,31
(2011 UC64),28,1.7e-05,14.05,27.9,0.009000000000000001,-6.34,-7.0,2093,2115,22
(2018 XR4),5,3.6000000000000003e-06,11.81,26.8,0.015,-6.34,-6.55,2062,2114,52
(2020 WF5),21,1.7e-05,8.62,27.8,0.01,-6.35,-7.1,2082,2118,36
(2018 VC),5,5.400000000000001e-06,4.96,26.3,0.019,-6.35,-6.44,2109,2115,6
(2018 DZ3),3,4.1e-06,10.03,26.4,0.018000000000000002,-6.35,-6.43,2068,2113,45
(2017 WE29),115,1e-06,10.68,25.9,0.022000000000000002,-6.35,-7.22,2024,2117,93
(1998 DK36),17,5.6e-07,6.19,25.0,0.034,-6.36,-6.39,2027,2100,73
(2013 AG69),2,7.2000000000000005e-06,17.35,27.3,0.012,-6.36,-6.51,2119,2119,0
(2013 AB65),11,6.1e-06,24.42,27.6,0.01,-6.36,-6.51,2094,2116,22
(2015 XX378),1,4.9e-07,15.7,24.7,0.038,-6.36,-6.36,2118,2118,0
(2016 TQ2),7,3.1e-06,15.21,26.4,0.017,-6.36,-6.68,2110,2115,5
(2016 WY),10,0.00011999999999999999,3.24,29.2,0.005,-6.36,-6.53,2091,2111,20
(2017 TA5),17,9.4e-06,10.73,27.3,0.012,-6.36,-6.9,2081,2117,36
(2019 AB),5,3.3e-06,9.92,26.2,0.019,-6.36,-6.43,2073,2113,40
(2001 HJ31),1,1.9e-07,11.49,23.6,0.063,-6.37,-6.37,2116,2116,0
(2010 CA),1,7.4e-09,14.7,24.4,0.044000000000000004,-6.37,-6.37,2022,2022,0
(2020 BH),5,4.6e-05,3.08,28.3,0.008,-6.37,-6.54,2104,2120,16
(2021 CZ7),6,2e-05,9.08,28.4,0.006999999999999999,-6.37,-6.56,2040,2117,77
(2020 FD),23,2.6e-06,15.41,27.6,0.01,-6.37,-6.93,2027,2107,80
(2010 UC7),7,5.1e-07,13.28,24.7,0.038,-6.38,-6.95,2112,2112,0
(2011 QF48),2,3.1e-07,19.92,25.3,0.03,-6.38,-6.52,2067,2067,0
(2021 FC1),1,3.6e-07,12.42,24.9,0.036000000000000004,-6.38,-6.38,2073,2073,0
(2008 UY91),45,6e-08,15.12,24.9,0.036000000000000004,-6.39,-6.71,2022,2116,94
(2018 VT5),39,3.6e-05,9.55,28.4,0.006999999999999999,-6.39,-6.7,2085,2117,32
(2009 FP32),16,1e-05,15.04,27.8,0.01,-6.4,-7.01,2073,2117,44
(2016 XL23),3,6.1e-05,9.95,29.3,0.005,-6.4,-6.41,2080,2098,18
(2019 TC2),35,1.8e-05,11.13,27.8,0.009000000000000001,-6.4,-7.14,2110,2119,9
(2011 UL169),5,1.3000000000000001e-05,9.35,28.3,0.006999999999999999,-6.41,-6.46,2057,2066,9
(2011 YQ1),1,1.4e-06,11.65,25.6,0.026000000000000002,-6.41,-6.41,2113,2113,0
(2018 DN4),9,3.6e-07,19.54,28.2,0.008,-6.41,-6.44,2023,2094,71
(2014 OX3),1,1.4000000000000001e-05,12.79,27.7,0.01,-6.42,-6.42,2116,2116,0
(2014 CH13),134,1.3e-07,5.1,24.3,0.047,-6.42,-6.8,2024,2116,92
(2004 RU109),5,8.4e-07,12.93,26.5,0.017,-6.43,-6.77,2038,2053,15
(2006 GU2),47,1.4999999999999999e-05,7.31,27.8,0.009000000000000001,-6.43,-7.22,2022,2116,94
(2012 UU158),5,2.8999999999999998e-06,12.27,26.9,0.013999999999999999,-6.43,-6.48,2042,2078,36
(2019 KL),6,1e-06,14.2,26.4,0.017,-6.43,-6.64,2047,2085,38
(2019 UE4),18,1.1e-05,11.58,27.7,0.01,-6.43,-6.92,2064,2119,55
(2018 LR3),3,3e-06,4.17,26.3,0.019,-6.43,-6.59,2077,2100,23
(2010 VP139),380,1.4000000000000001e-05,2.63,28.6,0.006999999999999999,-6.44,-7.55,2021,2116,95
(2017 WE28),11,2e-06,8.79,26.7,0.015,-6.44,-6.67,2039,2078,39
(2021 EW1),2,2.6000000000000002e-05,8.82,28.2,0.008,-6.44,-6.44,2103,2118,15
(2019 QS),1,2.2e-07,21.59,24.8,0.037000000000000005,-6.45,-6.45,2096,2096,0
(2008 GM2),46,3.8e-05,4.62,28.4,0.006999999999999999,-6.46,-7.0,2090,2117,27
(2008 SH148),159,9.2e-07,9.21,26.1,0.02,-6.46,-7.39,2022,2116,94
(2019 GK21),2,1.3e-06,9.23,25.6,0.026000000000000002,-6.46,-6.53,2099,2103,4
(2017 FW90),5,3.5e-05,4.17,28.1,0.008,-6.46,-6.52,2101,2118,17
(2005 BS1),3,2.8e-07,12.35,27.3,0.012,-6.47,-6.53,2024,2041,17
(2009 EW),4,1.7e-06,12.82,26.4,0.018000000000000002,-6.47,-6.64,2075,2081,6
(2018 FE3),2,1.1e-05,6.05,27.2,0.012,-6.47,-6.48,2090,2118,28
(2014 XM7),1,6.2e-08,11.49,22.9,0.09,-6.48,-6.48,2115,2115,0
(2014 SR223),1,1.5e-06,15.23,26.7,0.015,-6.49,-6.49,2063,2063,0
(2017 AT20),231,5.3e-06,7.65,27.1,0.013000000000000001,-6.49,-6.95,2039,2116,77
(2011 YC63),4,4.5e-06,18.83,29.0,0.005,-6.5,-6.51,2034,2048,14
(2012 CU),5,1.2e-06,10.94,26.0,0.021,-6.5,-6.9,2040,2100,60
(2013 PG10),8,8.599999999999999e-06,6.87,27.7,0.01,-6.5,-6.6,2056,2113,57
(2010 FD),2,1.5e-06,9.79,26.0,0.021,-6.5,-6.53,2085,2104,19
(2017 UK3),3,6.1e-06,13.37,27.2,0.012,-6.5,-6.69,2115,2115,0
(2010 FN),10,3.9e-06,6.79,26.6,0.016,-6.51,-6.97,2079,2116,37
(2010 NN),45,2.1e-05,7.73,28.4,0.006999999999999999,-6.51,-6.95,2049,2116,67
(2015 EG7),12,5.7000000000000005e-06,12.79,27.4,0.011000000000000001,-6.51,-6.57,2065,2115,50
(2020 MP1),2,2.2e-06,7.83,26.1,0.021,-6.51,-6.61,2105,2105,0
(2020 WZ3),2,3.3e-06,6.31,26.2,0.02,-6.51,-6.56,2115,2118,3
(2008 UA202),72,8.1e-05,2.3,29.4,0.004,-6.52,-7.33,2050,2108,58
(2009 WW7),23,4.5e-05,8.19,28.9,0.006,-6.52,-6.96,2050,2116,66
(2012 EP10),39,7.7e-05,2.79,29.2,0.005,-6.52,-6.75,2056,2117,61
(2015 QS8),1,4.2000000000000004e-06,8.04,26.5,0.017,-6.52,-6.52,2116,2116,0
(2012 KP24),1,3.4e-07,12.74,26.4,0.017,-6.52,-6.52,2032,2032,0
(2008 TS10),21,4.7e-05,3.18,28.8,0.006,-6.53,-7.37,2068,2116,48
(2010 NH),2,1e-06,10.29,25.7,0.025,-6.53,-6.58,2089,2092,3
(2017 QU34),10,1.2e-05,14.49,28.3,0.006999999999999999,-6.53,-6.76,2083,2111,28
(2009 WQ25),1,9.300000000000001e-08,16.94,23.9,0.055,-6.54,-6.54,2094,2094,0
(2018 LM),3,1.1e-06,4.88,25.2,0.03,-6.54,-6.82,2112,2116,4
(2018 JL1),4,5.400000000000001e-06,6.17,26.7,0.015,-6.54,-6.72,2112,2118,6
(2017 RN16),30,5.4000000000000005e-05,8.13,29.1,0.005,-6.55,-6.69,2076,2117,41
(2007 SN6),2,1.1e-07,18.32,25.0,0.033,-6.56,-6.69,2022,2059,37
(2010 TN55),15,1.8000000000000001e-06,25.32,27.0,0.013000000000000001,-6.57,-7.28,2086,2117,31
(2005 GQ33),24,2.8e-08,20.92,23.7,0.063,-6.58,-7.36,2023,2110,87
(2009 YR),8,1.1e-05,3.12,28.0,0.009000000000000001,-6.58,-6.9,2060,2087,27
(2020 PU1),3,1.5e-06,7.77,26.5,0.017,-6.58,-6.94,2047,2070,23
(2017 TB),54,5.1e-05,5.79,29.1,0.005,-6.59,-7.21,2054,2117,63
(2020 UQ3),1,1.6e-07,8.41,23.8,0.059000000000000004,-6.59,-6.59,2112,2112,0
(2020 OB),3,4.5999999999999995e-08,25.62,23.7,0.063,-6.59,-6.66,2114,2119,5
(2010 XQ),69,2.1e-07,9.79,25.2,0.031,-6.6,-7.29,2021,2116,95
(2017 UA45),5,2e-06,5.42,25.9,0.022000000000000002,-6.6,-6.72,2099,2112,13
(2019 BO),19,1.2e-05,7.27,28.1,0.008,-6.6,-7.2,2055,2095,40
(1997 UA11),1,2.9e-07,11.96,25.1,0.032,-6.61,-6.61,2073,2073,0
(2003 UQ25),1,9.400000000000001e-08,18.01,24.2,0.049,-6.61,-6.61,2093,2093,0
(2015 CL13),4,6.5e-07,13.7,25.7,0.025,-6.61,-6.99,2090,2106,16
(2021 AH),5,3e-06,21.45,28.5,0.006999999999999999,-6.61,-6.63,2043,2101,58
(2011 AZ36),176,4.1e-07,7.61,25.1,0.032,-6.63,-8.01,2026,2116,90
(2020 UX),35,0.0002,8.44,31.1,0.002,-6.63,-6.84,2046,2114,68
(2019 YM),2,8.7e-07,17.76,26.0,0.022000000000000002,-6.63,-6.63,2041,2117,76
(2021 FE2),1,3.7000000000000006e-06,10.39,27.0,0.013999999999999999,-6.63,-6.63,2100,2100,0
(2008 OO1),1,2.3e-07,12.96,24.6,0.040999999999999995,-6.64,-6.64,2107,2107,0
(2020 PU3),14,4e-06,9.54,26.8,0.015,-6.64,-6.89,2096,2120,24
(2008 XK),86,4.1e-07,12.06,27.2,0.012,-6.65,-6.82,2021,2101,80
(2015 WP2),22,7.6e-05,12.62,30.1,0.003,-6.65,-7.03,2080,2116,36
(2018 QE),13,1.1e-05,4.18,27.8,0.009000000000000001,-6.65,-7.2,2036,2117,81
(2021 FT1),1,1.1e-07,19.4,24.4,0.044000000000000004,-6.65,-6.65,2097,2097,0
(2008 BC15),2,9.2e-07,20.66,26.6,0.016,-6.66,-6.89,2072,2094,22
(2010 JH80),1,6.3e-08,26.9,24.5,0.042,-6.66,-6.66,2082,2082,0
(2013 TV132),6,2.6e-06,9.16,26.5,0.017,-6.66,-7.03,2099,2115,16
(2019 NF7),2,9.6e-06,9.27,28.1,0.008,-6.66,-6.67,2072,2080,8
(2018 VP6),2,3.1e-06,12.06,27.2,0.013000000000000001,-6.67,-6.9,2088,2088,0
(2019 PG),1,1.1e-06,7.19,25.6,0.026000000000000002,-6.67,-6.67,2115,2115,0
(2014 MB6),2,8.1e-07,13.07,26.2,0.019,-6.68,-6.68,2052,2075,23
(2006 WM3),1,5.7999999999999997e-08,10.41,23.2,0.078,-6.68,-6.68,2113,2113,0
(1993 UA),2,7.1e-07,9.4,25.4,0.027999999999999997,-6.69,-6.85,2111,2111,0
(1997 TC25),1,2.6e-07,9.89,24.7,0.039,-6.69,-6.69,2096,2096,0
(2006 BF56),19,2.3e-05,26.15,29.6,0.004,-6.69,-7.2,2092,2117,25
(2019 PO1),16,1.4999999999999999e-05,1.96,27.9,0.009000000000000001,-6.69,-7.19,2084,2117,33
(2017 RP16),10,3.5000000000000004e-06,10.33,27.2,0.012,-6.69,-7.07,2065,2112,47
(2020 PC),1,1.1e-05,1.46,28.0,0.009000000000000001,-6.69,-6.69,2074,2074,0
(2005 UL6),2,1.1e-07,12.04,24.5,0.042,-6.7,-6.9,2068,2068,0
(2012 BP123),306,1.3e-06,4.85,27.1,0.013000000000000001,-6.7,-7.31,2021,2117,96
(2015 HQ182),187,1.5e-07,6.62,25.0,0.034,-6.7,-7.57,2024,2114,90
(2020 CK2),44,5e-05,5.18,29.3,0.005,-6.7,-7.52,2057,2118,61
(2020 OX5),4,1.3e-06,8.88,26.9,0.013999999999999999,-6.7,-6.9,2033,2063,30
(2021 EP3),12,1.4e-06,19.51,26.7,0.016,-6.71,-7.16,2098,2119,21
(2016 CH30),5,1.1e-05,5.46,27.8,0.009000000000000001,-6.71,-6.75,2100,2118,18
(2020 YA1),4,4.1e-06,3.32,26.7,0.015,-6.71,-6.88,2103,2113,10
(2007 CS5),4,3.1e-07,4.99,24.5,0.042,-6.72,-7.13,2096,2110,14
(2020 FA1),2,2.8999999999999998e-06,2.23,26.3,0.018000000000000002,-6.72,-6.73,2118,2119,1
(2019 CM5),6,8e-06,5.4,27.9,0.009000000000000001,-6.73,-7.35,2046,2099,53
(2020 SY4),4,2.8999999999999998e-06,15.95,27.4,0.011000000000000001,-6.73,-6.82,2061,2113,52
(2018 LT5),5,1.3e-07,19.04,25.0,0.034,-6.74,-6.86,2025,2083,58
(2010 UR7),3,2.8e-06,13.33,27.4,0.011000000000000001,-6.74,-7.06,2079,2086,7
(2017 RK2),1,8.599999999999999e-06,7.3,28.0,0.009000000000000001,-6.74,-6.74,2083,2083,0
(2013 PS13),1,2.4e-06,17.26,27.3,0.012,-6.74,-6.74,2096,2096,0
(2015 GB1),4,9.2e-07,7.35,26.6,0.016,-6.74,-7.16,2031,2090,59
(2007 UT3),8,5.1e-07,9.05,25.7,0.024,-6.75,-7.12,2054,2116,62
(2014 FE),11,1.6e-06,19.91,27.6,0.01,-6.75,-7.31,2034,2081,47
(2018 RQ4),10,3.3e-06,6.77,26.9,0.013999999999999999,-6.75,-7.12,2088,2111,23
(2020 GZ1),1,8.199999999999999e-08,28.24,26.0,0.021,-6.75,-6.75,2040,2040,0
(2018 AU18),12,2.4e-06,9.6,27.4,0.011000000000000001,-6.76,-6.9,2046,2114,68
(2019 NX5),15,3.4e-05,1.79,29.1,0.005,-6.76,-6.86,2067,2115,48
(2016 FZ13),6,2e-05,4.3,28.3,0.006999999999999999,-6.76,-7.11,2108,2117,9
(2016 EV84),4,1.9e-06,7.41,26.8,0.015,-6.76,-6.86,2056,2096,40
(2018 WJ),4,1.2e-06,19.01,27.6,0.01,-6.77,-7.12,2045,2072,27
(2017 HJ),20,3.3e-06,14.83,27.5,0.011000000000000001,-6.77,-7.56,2070,2117,47
(2004 DA53),3,9e-06,9.35,27.9,0.009000000000000001,-6.78,-6.86,2111,2112,1
(2019 VH),17,5.400000000000001e-06,8.22,27.7,0.01,-6.78,-7.29,2065,2109,44
(2020 BH3),6,1.1e-06,7.12,26.1,0.021,-6.78,-7.23,2059,2104,45
(2020 TD7),8,2.5e-06,9.05,26.8,0.015,-6.78,-7.28,2092,2120,28
(2011 YC40),7,5.7000000000000005e-06,10.92,29.7,0.004,-6.79,-6.84,2028,2050,22
(2013 NE24),9,3.4e-06,10.73,27.4,0.011000000000000001,-6.79,-7.15,2059,2112,53
(2019 VD),9,4e-06,11.19,27.4,0.011000000000000001,-6.79,-7.34,2087,2105,18
(2014 HY198),240,4.4e-05,6.53,29.6,0.004,-6.8,-7.36,2041,2116,75
(2014 TL),8,6.3e-06,10.72,27.8,0.009000000000000001,-6.8,-6.98,2072,2114,42
(2016 PR66),23,1.2e-08,10.32,23.3,0.075,-6.8,-7.24,2026,2113,87
(2020 YM1),18,7.4e-05,3.01,29.6,0.004,-6.8,-7.15,2091,2119,28
(2002 XV90),7,4.8e-07,7.63,25.2,0.031,-6.81,-7.05,2101,2114,13
(2007 EZ25),2,2.1e-07,20.74,25.6,0.026000000000000002,-6.81,-7.06,2087,2087,0
(2020 TK3),8,3.9e-06,11.22,27.4,0.011000000000000001,-6.81,-7.36,2063,2114,51
(2020 VK),25,2.5e-06,20.46,27.8,0.009000000000000001,-6.81,-7.42,2071,2097,26
(2010 RM80),21,1.1e-05,5.36,27.9,0.009000000000000001,-6.82,-7.32,2085,2116,31
(2010 WW8),81,1.4e-07,5.22,26.4,0.018000000000000002,-6.82,-7.13,2021,2112,91
(2018 BC),22,5.4000000000000005e-05,2.04,29.4,0.004,-6.82,-7.69,2083,2109,26
(2019 FU1),5,1.6e-06,19.8,27.3,0.012,-6.82,-6.96,2090,2109,19
(2020 CF2),12,7.9e-06,3.18,27.6,0.01,-6.82,-7.2,2072,2116,44
(2020 HW7),5,1.3e-06,8.75,27.2,0.012,-6.82,-6.89,2044,2090,46
(2020 PJ6),6,6.2e-07,2.26,25.6,0.026000000000000002,-6.82,-7.0,2076,2101,25
(2009 ST171),1,1.2e-06,9.83,26.8,0.015,-6.83,-6.83,2066,2066,0
(2006 QK33),1,5.7e-08,12.46,23.6,0.065,-6.83,-6.83,2116,2116,0
(2015 XP),1,4.1e-07,8.23,25.8,0.024,-6.83,-6.83,2067,2067,0
(2017 DB120),7,1.2e-08,14.59,23.0,0.086,-6.85,-7.08,2053,2103,50
(2011 CF22),168,5.1e-05,18.8,30.9,0.002,-6.85,-7.59,2030,2117,87
(2015 BY3),10,1e-06,16.59,27.5,0.011000000000000001,-6.85,-7.32,2033,2085,52
(2016 VA18),500,2.5e-06,8.67,28.5,0.006999999999999999,-6.85,-7.27,2022,2116,94
(2015 FF36),7,9.5e-07,8.85,26.5,0.017,-6.86,-7.13,2059,2077,18
(2019 GP21),98,3.5e-05,10.8,29.7,0.004,-6.86,-7.58,2039,2119,80
(2020 SN6),80,1.6e-05,5.52,28.8,0.006,-6.86,-7.83,2048,2118,70
(2017 UM52),146,2.7000000000000002e-05,2.45,29.5,0.004,-6.86,-7.53,2039,2117,78
(2020 QC),2,5.6e-07,18.75,27.5,0.011000000000000001,-6.86,-6.98,2038,2041,3
(2018 BP6),1,7.299999999999999e-08,14.22,24.6,0.042,-6.87,-6.87,2074,2074,0
(2014 LJ),40,1.4999999999999999e-05,3.61,28.5,0.006999999999999999,-6.87,-7.79,2055,2116,61
(2006 UC64),4,8.7e-08,20.09,25.0,0.034,-6.87,-7.18,2069,2085,16
(2006 UQ216),7,4.2999999999999995e-06,3.73,27.3,0.012,-6.88,-7.17,2061,2116,55
(2016 JN38),101,6.5000000000000004e-06,19.52,29.1,0.005,-6.88,-7.77,2039,2116,77
(2016 JB29),1,1.7e-07,8.56,24.7,0.039,-6.88,-6.88,2090,2090,0
(2016 SU2),12,4.4e-06,12.73,27.7,0.01,-6.88,-7.26,2102,2115,13
(2017 BG92),6,1.3000000000000001e-05,5.33,28.7,0.006,-6.88,-6.97,2072,2118,46
(2021 DG1),1,5.3e-09,22.0,22.1,0.13,-6.88,-6.88,2120,2120,0
(2017 HZ4),2,8.2e-07,5.91,25.9,0.023,-6.88,-7.16,2091,2106,15
(2020 DG4),15,1e-05,6.89,28.2,0.008,-6.88,-7.37,2093,2120,27
(2020 GY2),1,3.3e-08,15.69,23.6,0.064,-6.88,-6.88,2093,2093,0
(2020 YA2),12,1.3000000000000001e-05,4.93,28.2,0.008,-6.89,-7.35,2111,2120,9
(2013 UR1),4,8.5e-07,21.69,27.8,0.009000000000000001,-6.9,-6.96,2050,2060,10
(2007 EN88),3,1e-06,12.16,26.4,0.017,-6.9,-7.06,2094,2104,10
(2014 CE),4,2e-06,13.02,27.0,0.013000000000000001,-6.91,-7.08,2111,2117,6
(2019 DG1),1,2.1000000000000002e-06,7.29,26.7,0.016,-6.91,-6.91,2118,2118,0
(2015 VP64),2,3.5000000000000004e-06,20.96,28.3,0.006999999999999999,-6.91,-6.92,2087,2087,0
(2019 QE7),8,1.7e-06,10.17,26.7,0.015,-6.91,-7.29,2097,2119,22
(2013 QM48),19,3.8e-06,7.47,27.4,0.011000000000000001,-6.92,-7.62,2071,2116,45
(2008 WO2),9,4.9e-05,6.11,29.8,0.004,-6.93,-7.3,2065,2111,46
(2018 FY2),4,1.8e-07,19.37,25.7,0.024,-6.93,-7.21,2046,2102,56
(2014 QN266),1,9e-07,2.85,26.2,0.019,-6.93,-6.93,2078,2078,0
(2017 QT1),3,3.1e-07,20.02,26.8,0.015,-6.94,-7.01,2050,2069,19
(2020 TD8),7,1.5e-06,7.4,26.9,0.013999999999999999,-6.94,-7.21,2045,2107,62
(2020 VA5),2,1.6e-06,11.14,27.2,0.012,-6.94,-6.95,2078,2082,4
(2012 CR),1,1.2e-10,14.18,21.0,0.21,-6.95,-6.95,2025,2025,0
(2020 VH5),4,2.5e-05,7.42,29.2,0.005,-6.95,-7.15,2101,2101,0
(2018 PU23),4,8e-06,1.77,28.1,0.008,-6.96,-7.36,2072,2097,25
(2015 VK1),2,7.7e-07,14.73,26.5,0.017,-6.96,-7.12,2103,2109,6
(2021 FP2),32,6.8e-05,8.76,30.1,0.003,-6.96,-7.11,2074,2120,46
(2012 BW13),8,2e-06,11.68,27.2,0.012,-6.97,-7.35,2086,2111,25
(2013 BR15),3,1.6e-07,14.08,25.1,0.032,-6.97,-7.11,2100,2110,10
(2014 HD198),78,6.7e-06,17.34,29.6,0.004,-7.0,-7.45,2025,2115,90
(2013 RR43),2,6e-08,18.99,25.4,0.027999999999999997,-7.0,-7.08,2050,2057,7
(2018 FQ3),14,9.6e-06,10.84,28.6,0.006,-7.0,-7.53,2070,2114,44
(2020 QN4),24,1.1e-05,7.53,28.6,0.006,-7.0,-7.8,2065,2117,52
(2021 CF1),2,2.9e-07,14.16,26.0,0.021,-7.0,-7.01,2073,2077,4
(2019 NK1),49,6.3e-05,8.05,30.1,0.003,-7.01,-7.46,2089,2118,29
(2021 CA6),16,1e-05,6.38,28.5,0.006999999999999999,-7.01,-7.5,2070,2121,51
(2000 SZ162),6,1.9e-06,4.16,27.1,0.013000000000000001,-7.02,-7.37,2070,2109,39
(2020 YG2),2,1.3e-07,9.36,24.7,0.039,-7.02,-7.12,2097,2105,8
(2021 EZ3),2,2.8e-07,8.28,25.2,0.031,-7.03,-7.07,2108,2116,8
(2017 KQ27),1,4.7e-07,10.96,25.8,0.023,-7.03,-7.03,2117,2117,0
(2018 XF2),1,8.3e-07,9.91,26.2,0.019,-7.03,-7.03,2119,2119,0
(2006 HE2),3,1.1e-06,5.03,26.5,0.017,-7.04,-7.29,2081,2103,22
(2006 YE),4,2.4e-06,6.01,27.3,0.012,-7.04,-7.32,2082,2095,13
(2016 TT),4,4e-07,11.56,26.0,0.021,-7.04,-7.41,2084,2095,11
(2019 WU),10,1.6e-06,10.08,27.0,0.013000000000000001,-7.04,-7.58,2058,2112,54
(2005 VP),20,1e-07,12.83,25.5,0.027000000000000003,-7.05,-7.51,2053,2103,50
(2018 VC7),25,3.2e-06,4.23,27.4,0.011000000000000001,-7.05,-7.82,2068,2117,49
(2017 RJ2),7,1.9e-06,15.86,27.5,0.011000000000000001,-7.05,-7.36,2108,2111,3
(2017 VV12),10,4.4e-06,6.29,28.0,0.009000000000000001,-7.05,-7.3,2062,2116,54
(2020 SN5),6,1.4e-06,13.28,28.2,0.008,-7.06,-7.08,2043,2109,66
(2017 SS12),5,1.4e-06,10.09,27.1,0.013000000000000001,-7.06,-7.41,2074,2089,15
(2008 HC38),1,4.4000000000000004e-08,14.05,26.1,0.02,-7.07,-7.07,2029,2029,0
(2016 WT),34,3.1e-05,10.71,29.8,0.004,-7.08,-7.89,2072,2119,47
(2014 HR197),188,7.299999999999999e-08,16.94,26.9,0.013999999999999999,-7.08,-7.99,2021,2112,91
(2013 XU21),1,2.3e-07,11.04,26.2,0.02,-7.08,-7.08,2055,2055,0
(2003 YS70),2,1.7e-05,3.16,28.8,0.006,-7.09,-7.24,2107,2116,9
(2016 GU2),1,1.2e-08,39.17,24.1,0.052000000000000005,-7.09,-7.09,2113,2113,0
(2020 DN3),7,9.8e-07,13.9,26.8,0.015,-7.09,-7.62,2107,2119,12
(2005 UA1),1,9.1e-08,14.68,26.4,0.018000000000000002,-7.1,-7.1,2036,2036,0
(2008 YD3),30,1.1e-07,7.96,26.0,0.021,-7.1,-7.43,2021,2110,89
(2020 VN6),4,3.8e-06,9.21,27.8,0.009000000000000001,-7.1,-7.27,2098,2118,20
(2018 PA25),15,2.6e-08,15.29,24.9,0.036000000000000004,-7.1,-7.27,2029,2118,89
(2016 WU),3,2.6e-06,7.05,27.3,0.012,-7.1,-7.1,2089,2109,20
(2018 RF5),2,2.3e-06,8.33,27.4,0.011000000000000001,-7.1,-7.1,2103,2115,12
(2020 WT4),11,3e-06,3.85,27.8,0.01,-7.1,-7.48,2062,2116,54
(2015 YM1),5,6.900000000000001e-06,6.81,28.4,0.006999999999999999,-7.12,-7.22,2096,2115,19
(2018 EV3),4,9.4e-07,12.58,27.1,0.013000000000000001,-7.13,-7.26,2081,2113,32
(2014 HE199),1,2.4e-08,14.5,25.0,0.033,-7.14,-7.14,2039,2039,0
(2016 AU193),1,9.400000000000001e-08,21.77,25.3,0.03,-7.14,-7.14,2109,2109,0
(2019 SG1),1,8.6e-07,16.72,27.7,0.01,-7.14,-7.14,2064,2064,0
(2008 UA92),1,1.3e-06,8.38,27.3,0.012,-7.15,-7.15,2078,2078,0
(2008 US),24,3.1e-06,18.54,31.4,0.002,-7.15,-7.37,2021,2069,48
(2018 WH1),13,9.9e-06,4.01,28.5,0.006999999999999999,-7.16,-7.74,2076,2111,35
(2006 UJ185),8,2.1000000000000002e-06,15.45,27.9,0.009000000000000001,-7.16,-7.52,2052,2116,64
(2016 TQ54),7,1.7e-06,9.0,27.3,0.012,-7.16,-7.67,2096,2113,17
(2010 CK19),7,4.4e-06,5.01,27.9,0.009000000000000001,-7.17,-7.73,2089,2116,27
(2011 FA23),6,3.6000000000000003e-06,14.34,28.9,0.006,-7.17,-7.34,2025,2102,77
(2019 KT),3,6.8e-07,11.7,26.6,0.017,-7.17,-7.46,2110,2110,0
(2010 VN1),5,1.9e-06,10.98,28.3,0.006999999999999999,-7.19,-7.41,2050,2066,16
(2020 XF4),10,2.8999999999999998e-06,6.69,27.6,0.01,-7.19,-7.52,2093,2119,26
(2012 SU9),6,1.4e-06,10.85,27.2,0.012,-7.2,-7.37,2084,2111,27
(2018 TS6),19,5.2e-06,7.41,28.2,0.008,-7.2,-7.4,2064,2117,53
(2019 FB1),2,3.2e-06,7.97,27.7,0.01,-7.2,-7.37,2113,2117,4
(2011 SE58),3,5.8e-07,15.69,27.6,0.01,-7.21,-7.35,2042,2055,13
(2019 VE4),6,3e-06,8.82,27.9,0.009000000000000001,-7.21,-7.46,2072,2119,47
(2016 EG28),4,1.7e-06,14.66,27.8,0.009000000000000001,-7.21,-7.45,2079,2108,29
(2018 GG4),2,1.4e-07,16.68,26.2,0.019,-7.21,-7.43,2058,2070,12
(2019 QU3),2,1.1e-05,6.47,28.7,0.006,-7.21,-7.21,2113,2117,4
(2014 KC45),20,1.2e-05,8.91,29.4,0.004,-7.22,-7.68,2066,2110,44
(2017 FC1),1,2.3e-07,8.28,26.1,0.02,-7.22,-7.22,2064,2064,0
(2018 FK5),2,3.7000000000000006e-06,11.28,28.3,0.006999999999999999,-7.22,-7.5,2087,2110,23
(2017 RX17),43,3.3e-07,7.54,26.9,0.013999999999999999,-7.22,-7.87,2029,2116,87
(2006 DO62),13,1.8000000000000001e-06,11.3,28.3,0.008,-7.23,-7.64,2036,2095,59
(2004 XG29),2,2.5e-07,5.1,25.4,0.028999999999999998,-7.24,-7.37,2112,2114,2
(2014 HJ197),32,2.4e-05,4.48,30.3,0.003,-7.24,-7.75,2045,2117,72
(2017 KC36),3,6.5e-07,11.93,27.4,0.011000000000000001,-7.24,-7.29,2037,2061,24
(2010 XP),73,1.4e-07,8.25,26.8,0.015,-7.25,-7.7,2021,2116,95
(2002 EM7),2,6.099999999999999e-08,10.28,24.4,0.045,-7.25,-7.27,2117,2117,0
(2010 XC),324,2.8999999999999998e-06,3.93,29.1,0.005,-7.26,-7.94,2021,2111,90
(2019 BX1),3,3.1e-06,3.96,28.1,0.008,-7.26,-7.53,2058,2115,57
(2016 TC57),1,1.2e-06,8.74,27.1,0.013000000000000001,-7.26,-7.26,2112,2112,0
(2018 WA1),24,4.1e-05,3.05,30.0,0.003,-7.26,-7.9,2082,2117,35
(2016 BQ15),2,4.0999999999999997e-08,21.04,25.1,0.032,-7.27,-7.45,2072,2098,26
(2018 WA3),2,6.4e-07,16.37,27.9,0.009000000000000001,-7.27,-7.28,2055,2060,5
(2017 BK30),2,9e-07,9.95,27.2,0.012,-7.28,-7.52,2085,2085,0
(2015 HO182),6,2.6e-07,10.92,26.4,0.018000000000000002,-7.28,-7.6,2046,2113,67
(2018 RR1),12,3.4e-05,4.41,29.9,0.004,-7.28,-7.32,2086,2119,33
(2008 BN16),1,1.1e-07,18.62,25.9,0.022000000000000002,-7.29,-7.29,2083,2083,0
(2021 CK3),28,1.4000000000000001e-05,13.64,29.9,0.004,-7.29,-8.01,2056,2118,62
(2020 PX5),13,1.8e-05,10.06,29.6,0.004,-7.29,-7.6,2086,2118,32
(2016 VZ17),179,4.1e-07,9.72,27.4,0.011000000000000001,-7.3,-8.05,2021,2116,95
(2014 WE6),5,4.7e-05,4.42,30.3,0.003,-7.31,-7.6,2104,2109,5
(2016 LE10),3,4e-07,12.63,27.1,0.013000000000000001,-7.31,-7.53,2035,2072,37
(2016 WN7),1,2.6e-06,6.16,27.9,0.009000000000000001,-7.31,-7.31,2095,2095,0
(2018 DB),3,1.2e-06,16.13,27.6,0.01,-7.31,-7.37,2068,2119,51
(2012 TU231),1,3.8e-07,9.97,26.2,0.02,-7.32,-7.32,2111,2111,0
(2017 TT3),2,1.3e-07,8.67,25.6,0.025,-7.32,-7.52,2059,2108,49
(2020 UC4),2,2.8e-07,8.48,26.0,0.021,-7.32,-7.45,2084,2118,34
(2008 KT),9,5.3e-06,2.99,28.2,0.008,-7.33,-7.51,2091,2116,25
(2020 TZ3),1,4.5e-08,9.38,24.8,0.037000000000000005,-7.33,-7.33,2072,2072,0
(2011 UD21),1,7.400000000000001e-06,1.32,28.5,0.006999999999999999,-7.34,-7.34,2116,2116,0
(2019 AK12),3,1.1e-06,15.17,27.5,0.011000000000000001,-7.34,-7.68,2113,2119,6
(2020 VK6),1,1.4e-07,9.57,25.6,0.026000000000000002,-7.34,-7.34,2090,2090,0
(2017 KB3),2,9.8e-08,11.43,25.1,0.033,-7.35,-7.35,2117,2119,2
(2011 AZ22),8,1.1e-06,12.52,28.6,0.006,-7.36,-7.44,2034,2114,80
(2016 TH),26,9.3e-06,7.41,29.4,0.004,-7.36,-7.56,2072,2115,43
(2018 RJ3),1,1.3e-06,8.13,27.8,0.009000000000000001,-7.36,-7.36,2070,2070,0
(2018 WE),8,1.4e-06,12.75,28.3,0.006999999999999999,-7.37,-7.63,2057,2097,40
(2011 EM40),12,1.4e-06,10.7,28.0,0.009000000000000001,-7.37,-7.97,2054,2113,59
(2019 UB8),13,4.2999999999999995e-06,10.34,28.9,0.005,-7.37,-7.83,2053,2118,65
(2017 DP109),2,4.3e-07,12.33,26.9,0.013999999999999999,-7.37,-7.55,2086,2086,0
(2013 JM22),1,3.2e-09,29.67,23.3,0.075,-7.37,-7.37,2095,2095,0
(2009 WJ6),2,3e-07,18.16,27.6,0.01,-7.38,-7.4,2049,2056,7
(2015 VL64),8,3e-06,8.68,28.3,0.006999999999999999,-7.38,-7.96,2085,2109,24
(1993 HP1),4,4.5e-07,9.84,26.9,0.013999999999999999,-7.39,-7.6,2065,2112,47
(2006 WK130),1,2e-09,20.74,22.4,0.11,-7.39,-7.39,2103,2103,0
(2007 EE126),3,3.2e-08,31.6,25.6,0.026000000000000002,-7.39,-7.61,2065,2092,27
(2008 CJ),2,1.1e-06,8.06,27.3,0.012,-7.4,-7.4,2061,2106,45
(2016 WR55),13,2.5e-06,14.12,28.3,0.006999999999999999,-7.4,-7.72,2100,2115,15
(2017 WY27),13,2.1000000000000002e-06,8.1,27.9,0.009000000000000001,-7.4,-8.02,2045,2116,71
(2020 QR5),7,1.3e-06,6.79,27.3,0.012,-7.4,-7.55,2103,2115,12
(2001 SD286),1,5.7e-08,12.56,25.2,0.03,-7.41,-7.41,2080,2080,0
(2019 WV1),14,2.8e-06,8.74,28.2,0.008,-7.41,-7.84,2078,2117,39
(2014 EU),5,1.9e-06,5.63,27.7,0.01,-7.41,-7.72,2080,2117,37
(2009 WZ53),7,1e-08,18.98,24.1,0.052000000000000005,-7.41,-7.85,2025,2104,79
(2015 VO142),10,6.900000000000001e-06,2.8,29.0,0.005,-7.41,-7.68,2065,2118,53
(2016 FV7),1,1.7000000000000001e-09,32.99,23.1,0.08199999999999999,-7.41,-7.41,2083,2083,0
(2011 AD3),74,1.6e-07,12.63,26.6,0.017,-7.42,-8.21,2027,2116,89
(2019 RQ2),1,8.3e-08,15.12,25.4,0.027999999999999997,-7.42,-7.42,2105,2105,0
(2016 QY84),582,2.4e-05,3.21,31.4,0.002,-7.42,-8.32,2022,2119,97
(2020 BM6),1,1.3e-08,11.48,23.4,0.07200000000000001,-7.42,-7.42,2119,2119,0
(2008 CB6),3,7.2e-07,7.43,27.1,0.013000000000000001,-7.43,-7.51,2083,2105,22
(2019 LA2),1,3.5e-07,14.48,26.7,0.016,-7.43,-7.43,2109,2109,0
(2011 UR63),2,1.4e-07,12.57,25.7,0.024,-7.44,-7.55,2110,2110,0
(2014 KS76),3,4.4e-07,7.18,26.6,0.016,-7.44,-7.6,2089,2107,18
(2015 VN64),3,6.2e-07,15.86,27.5,0.01,-7.44,-7.71,2088,2094,6
(2020 AC1),9,4.2000000000000004e-06,6.25,28.4,0.006999999999999999,-7.44,-8.0,2093,2117,24
(2018 LV3),1,1.7e-07,11.19,26.6,0.017,-7.44,-7.44,2061,2061,0
(2020 VA4),3,1.5e-06,4.75,27.4,0.011000000000000001,-7.44,-7.7,2096,2114,18
(2004 FY3),2,7.5e-08,11.79,25.1,0.032,-7.45,-7.5,2104,2116,12
(2011 DX4),24,4.9e-08,17.66,26.5,0.017,-7.46,-7.86,2023,2114,91
(2021 CD8),2,5.0999999999999995e-06,2.19,28.5,0.006999999999999999,-7.46,-7.62,2099,2115,16
(2003 DW10),2,8.7e-08,7.83,26.1,0.02,-7.47,-7.62,2046,2058,12
(2012 HE31),2,1.7e-07,10.6,26.0,0.022000000000000002,-7.47,-7.52,2094,2117,23
(2013 GW38),10,2.1000000000000002e-06,10.27,28.4,0.006999999999999999,-7.47,-7.71,2070,2118,48
(2007 XB23),10,6.7e-07,4.58,27.1,0.013000000000000001,-7.48,-7.77,2078,2115,37
(2019 GS19),1,9.5e-08,13.87,25.6,0.025,-7.48,-7.48,2102,2102,0
(2013 XS21),10,7.8e-06,7.5,29.4,0.004,-7.49,-7.79,2079,2111,32
(2021 EU4),1,2.8999999999999998e-08,17.14,24.7,0.039,-7.49,-7.49,2112,2112,0
(2019 KY3),2,2.1e-07,16.65,26.6,0.016,-7.5,-7.54,2101,2110,9
(2007 VD8),59,3.5e-07,12.65,27.7,0.01,-7.51,-8.27,2023,2112,89
(2017 FA159),180,8.7e-07,6.96,28.6,0.006,-7.51,-8.15,2022,2116,94
(2021 CD),5,8e-07,9.63,27.2,0.012,-7.51,-7.98,2118,2121,3
(2002 AN129),1,1.3e-07,11.58,26.0,0.021,-7.52,-7.52,2091,2091,0
(2016 EL1),6,5.4e-07,19.9,27.8,0.009000000000000001,-7.54,-7.98,2068,2109,41
(2018 XX2),1,1.5e-07,11.91,26.0,0.021,-7.54,-7.54,2106,2106,0
(2007 FP3),13,2e-06,9.65,28.4,0.006999999999999999,-7.55,-7.9,2055,2113,58
(2017 CY32),7,4.1e-07,19.78,28.4,0.006999999999999999,-7.55,-7.89,2041,2110,69
(2017 FW158),16,1.4e-06,15.0,28.4,0.006999999999999999,-7.55,-8.24,2067,2115,48
(2016 DK2),1,1.5e-06,17.57,29.0,0.005,-7.56,-7.56,2069,2069,0
(2016 PA79),10,1.1000000000000001e-08,12.69,24.3,0.047,-7.56,-8.16,2037,2102,65
(2017 OO1),1,3.5e-08,10.04,24.5,0.042,-7.56,-7.56,2115,2115,0
(2017 UL5),2,2.6e-07,8.14,26.4,0.018000000000000002,-7.56,-7.59,2100,2111,11
(2019 NL4),1,8e-08,14.03,26.1,0.021,-7.57,-7.57,2074,2074,0
(2017 YM14),5,3.9e-07,18.39,27.8,0.009000000000000001,-7.57,-7.75,2056,2074,18
(2007 EH26),1,1.2e-08,20.17,24.2,0.048,-7.58,-7.58,2110,2110,0
(2018 GD2),15,8.599999999999999e-06,7.58,29.4,0.004,-7.58,-8.22,2096,2117,21
(2020 VV6),9,3e-07,17.12,27.3,0.012,-7.59,-7.87,2076,2115,39
(2013 CY),7,2.2e-06,2.42,28.2,0.008,-7.59,-7.93,2072,2111,39
(2017 UQ7),1,4e-08,14.07,25.2,0.031,-7.59,-7.59,2096,2096,0
(2019 JY2),26,8.1e-06,7.67,29.6,0.004,-7.6,-8.33,2059,2119,60
(2020 SC),3,1.2e-07,21.86,26.7,0.016,-7.6,-7.8,2088,2092,4
(2018 FG1),7,6.5e-07,9.98,27.3,0.012,-7.61,-8.13,2103,2117,14
(2012 UE),4,6.2e-07,13.24,28.4,0.006999999999999999,-7.63,-7.71,2040,2058,18
(2014 HB177),2,1.7e-06,6.08,28.3,0.006999999999999999,-7.63,-7.67,2085,2099,14
(2018 HJ2),1,2.4e-08,8.41,24.6,0.040999999999999995,-7.63,-7.63,2085,2085,0
(2014 HV2),1,1.2e-07,13.17,26.0,0.021,-7.63,-7.63,2116,2116,0
(2017 HY3),1,2.0999999999999998e-09,16.89,25.4,0.027999999999999997,-7.63,-7.63,2024,2024,0
(2019 VB5),106,6.2e-05,5.73,31.7,0.002,-7.64,-8.1,2052,2118,66
(2008 UM1),7,5.4e-07,18.99,31.6,0.002,-7.64,-7.68,2021,2073,52
(2011 EL40),1,8.6e-08,16.98,26.5,0.017,-7.64,-7.64,2073,2073,0
(2017 UL52),225,1.1e-06,5.89,28.1,0.008,-7.64,-8.81,2030,2117,87
(2015 KH158),18,6.099999999999999e-08,14.41,26.0,0.021,-7.65,-7.99,2043,2115,72
(2016 FC1),4,2.1000000000000002e-06,15.19,29.1,0.005,-7.65,-7.79,2082,2088,6
(2012 RU16),2,4.8e-08,9.13,25.6,0.026000000000000002,-7.66,-7.9,2036,2089,53
(2012 VV76),2,4.5999999999999995e-08,14.73,25.6,0.026000000000000002,-7.67,-7.81,2074,2094,20
(2019 TD),2,1.7e-06,9.79,29.2,0.005,-7.67,-7.84,2042,2060,18
(2016 UB26),1,1.2e-08,18.33,25.0,0.034,-7.67,-7.67,2066,2066,0
(2008 UC202),3,2.4e-06,4.17,28.2,0.008,-7.68,-7.72,2116,2116,0
(2019 JK),2,2.5e-07,17.81,28.0,0.009000000000000001,-7.68,-7.8,2053,2053,0
(2008 JD33),154,2.4e-07,4.66,28.0,0.009000000000000001,-7.68,-8.54,2022,2117,95
(2020 TD5),1,2.7e-07,9.12,26.6,0.016,-7.69,-7.69,2118,2118,0
(2008 EK68),234,3.2e-06,7.59,29.8,0.004,-7.7,-8.84,2023,2117,94
(2008 CM74),7,1.4e-06,4.08,28.1,0.008,-7.7,-8.12,2079,2100,21
(2009 VT1),5,2.5e-06,6.97,29.6,0.004,-7.7,-7.79,2046,2109,63
(2019 GK3),3,8.2e-06,2.95,29.5,0.004,-7.7,-7.71,2103,2116,13
(2003 UM3),37,4.5e-07,13.43,28.0,0.008,-7.72,-8.57,2022,2115,93
(2005 UC3),2,3.8e-07,7.83,27.1,0.013000000000000001,-7.72,-7.93,2072,2109,37
(2014 OP2),3,1.8000000000000001e-06,11.63,29.1,0.005,-7.72,-7.84,2071,2079,8
(2004 XO63),1,7.299999999999999e-08,8.16,26.1,0.021,-7.72,-7.72,2065,2065,0
(2019 CY2),2,1.6e-08,13.57,26.6,0.016,-7.72,-7.97,2029,2029,0
(2009 MU),2,1.6e-08,13.33,24.6,0.042,-7.73,-7.88,2096,2099,3
(2017 YE8),1,5.2e-08,14.26,25.5,0.027000000000000003,-7.73,-7.73,2112,2112,0
(2020 SX6),2,5.6e-07,4.06,27.1,0.013000000000000001,-7.73,-7.75,2103,2113,10
(2008 YC3),5,5.7999999999999997e-08,6.24,25.4,0.028999999999999998,-7.74,-7.83,2086,2103,17
(2018 EL4),2,6.6e-08,5.58,25.3,0.03,-7.74,-7.99,2110,2110,0
(2016 TG94),16,6.900000000000001e-06,8.76,29.6,0.004,-7.74,-8.32,2096,2116,20
(2020 CW),4,2.1e-05,20.11,32.5,0.001,-7.74,-7.74,2046,2077,31
(2021 BR2),19,9.3e-06,7.34,30.8,0.002,-7.75,-7.98,2037,2104,67
(2019 QB1),2,1.1e-07,11.56,27.5,0.011000000000000001,-7.77,-7.98,2032,2053,21
(2010 XB),2,2.5e-07,19.67,29.6,0.004,-7.78,-8.05,2027,2029,2
(2017 KH5),2,2.4e-07,14.82,27.6,0.01,-7.78,-8.07,2067,2074,7
(2020 XU4),1,1e-06,6.68,27.8,0.009000000000000001,-7.78,-7.78,2112,2112,0
(2010 GV23),2,7.3e-07,5.42,27.6,0.01,-7.79,-7.97,2096,2105,9
(2014 HM199),2,4.900000000000001e-10,10.54,23.7,0.063,-7.79,-7.8,2025,2104,79
(2015 KH160),3,3.5e-08,30.01,26.4,0.018000000000000002,-7.8,-7.93,2087,2107,20
(2015 FC345),3,8.5e-07,6.76,27.8,0.009000000000000001,-7.8,-7.8,2097,2109,12
(2004 FM4),1,1.5e-08,14.82,24.6,0.042,-7.8,-7.8,2116,2116,0
(2020 UA),5,1.1e-06,6.48,28.4,0.006999999999999999,-7.81,-8.16,2074,2081,7
(2020 UJ),1,2.3e-09,14.8,24.2,0.05,-7.81,-7.81,2043,2043,0
(2017 UW5),2,1.2e-06,13.01,28.7,0.006,-7.82,-8.12,2081,2111,30
(2020 DM3),1,6.8e-08,16.52,26.2,0.02,-7.83,-7.83,2109,2109,0
(2020 UY),12,2.3e-06,6.85,28.9,0.005,-7.83,-8.49,2068,2119,51
(2011 FQ16),4,6.5e-07,7.99,27.7,0.01,-7.84,-8.02,2105,2114,9
(2012 BN123),4,2.8000000000000003e-09,10.15,23.2,0.078,-7.84,-8.15,2074,2110,36
(2019 VA),3,1.1e-06,8.24,28.3,0.006999999999999999,-7.84,-8.03,2090,2112,22
(2019 YV4),4,6.2e-08,18.77,27.3,0.012,-7.84,-7.94,2035,2049,14
(2017 UL6),23,4.7e-05,7.13,32.0,0.001,-7.85,-8.36,2058,2106,48
(2017 UF),2,1.8e-07,23.24,27.9,0.009000000000000001,-7.85,-8.08,2066,2082,16
(2021 FA),1,2.6e-08,11.78,25.1,0.033,-7.86,-7.86,2106,2106,0
(2016 GS134),2,2.7e-07,11.02,27.8,0.01,-7.87,-8.0,2054,2070,16
(2020 GV2),2,9.6e-08,14.88,26.9,0.013999999999999999,-7.88,-8.08,2077,2078,1
(2008 EF85),3,1.7e-07,9.53,26.7,0.016,-7.89,-7.92,2110,2110,0
(2019 QF),2,3.6e-07,11.14,27.9,0.009000000000000001,-7.89,-8.13,2069,2077,8
(2020 RB7),5,1.9e-07,19.07,27.3,0.012,-7.9,-8.03,2105,2117,12
(2017 TU1),2,7e-08,10.75,26.1,0.02,-7.9,-8.03,2076,2101,25
(2020 FG),5,4.3e-07,14.79,27.9,0.009000000000000001,-7.9,-8.37,2102,2118,16
(2020 FU2),6,9.7e-07,12.88,28.6,0.006,-7.91,-8.15,2098,2112,14
(2021 AD4),2,6.4e-08,5.17,25.6,0.025,-7.91,-8.2,2084,2121,37
(2015 HE1),1,1.4e-07,14.6,27.0,0.013000000000000001,-7.92,-7.92,2098,2098,0
(2020 SL6),4,3.6e-07,14.46,27.8,0.009000000000000001,-7.92,-8.06,2092,2110,18
(2019 EH1),13,2.8e-06,14.48,30.1,0.003,-7.93,-8.43,2052,2118,66
(2020 SK4),30,1e-05,5.52,30.3,0.003,-7.93,-8.74,2055,2119,64
(2008 VB4),18,1.2e-07,11.59,28.2,0.008,-7.94,-8.2,2030,2106,76
(2018 BX5),10,2e-06,7.78,29.0,0.005,-7.94,-8.36,2090,2118,28
(2017 VF14),5,7.2e-07,11.85,28.5,0.006999999999999999,-7.95,-8.23,2080,2093,13
(2011 SE191),1,1.6e-08,14.57,25.1,0.033,-7.96,-7.96,2098,2098,0
(2015 SK7),4,9.2e-07,12.16,28.8,0.006,-7.96,-8.27,2059,2107,48
(2015 XH55),6,2.5e-06,7.13,29.2,0.005,-7.96,-8.32,2092,2117,25
(2017 BE30),1,4.8e-08,16.69,26.3,0.019,-7.98,-7.98,2100,2100,0
(2012 TP20),3,4e-07,7.3,27.9,0.009000000000000001,-7.99,-8.28,2069,2102,33
(2016 FE15),3,6.1e-07,12.2,28.8,0.006,-8.0,-8.01,2068,2116,48
(2016 VF18),6,2.4e-06,10.06,29.8,0.004,-8.01,-8.05,2031,2082,51
(2017 YD2),4,5.9e-07,8.49,28.7,0.006,-8.03,-8.08,2055,2065,10
(2019 DM1),3,2.3e-07,17.58,28.0,0.008,-8.04,-8.24,2072,2091,19
(2019 YL3),1,1.1e-07,9.99,27.7,0.01,-8.04,-8.04,2047,2047,0
(2020 AR1),1,1.7e-07,9.05,27.2,0.012,-8.05,-8.05,2088,2088,0
(2013 NR13),1,4e-08,11.31,25.8,0.024,-8.05,-8.05,2114,2114,0
(2019 CZ1),1,3.8e-09,22.61,24.3,0.047,-8.06,-8.06,2114,2114,0
(2021 BL2),27,1.5e-07,12.95,28.5,0.006999999999999999,-8.06,-8.15,2035,2117,82
(2015 FU344),10,7.000000000000001e-06,9.92,31.0,0.002,-8.07,-8.25,2066,2111,45
(2020 BA13),8,9.2e-07,10.01,28.8,0.006,-8.07,-8.68,2068,2105,37
(2015 PS228),3,1.4e-06,2.55,28.9,0.005,-8.08,-8.16,2080,2115,35
(2020 GX),4,1.2e-09,21.69,23.9,0.055,-8.09,-8.43,2061,2079,18
(2019 QR8),3,3.5e-07,12.93,28.0,0.008,-8.1,-8.33,2105,2105,0
(2018 LE1),1,3.8e-07,5.9,27.7,0.01,-8.1,-8.1,2102,2102,0
(2006 BO7),4,9.4e-07,9.83,29.3,0.005,-8.11,-8.3,2060,2115,55
(2014 HE197),22,6.1e-09,16.73,25.5,0.027000000000000003,-8.11,-9.08,2028,2098,70
(2018 VP1),2,5.9e-07,9.53,30.9,0.002,-8.11,-8.4,2025,2025,0
(2010 YD),1,7.9e-08,8.99,26.6,0.016,-8.11,-8.11,2091,2091,0
(2009 WQ52),1,7.1e-08,14.76,28.2,0.008,-8.12,-8.12,2037,2037,0
(2019 TN5),1,1.4e-07,11.59,28.4,0.006999999999999999,-8.12,-8.12,2041,2041,0
(2015 FN36),1,2.3e-09,21.85,23.9,0.055999999999999994,-8.12,-8.12,2117,2117,0
(2016 NJ56),1,4e-09,4.95,25.1,0.033,-8.14,-8.14,2036,2036,0
(2016 AF2),6,2.6e-07,5.87,27.8,0.009000000000000001,-8.14,-8.19,2072,2093,21
(2017 UQ6),1,1.8e-07,3.04,27.1,0.013000000000000001,-8.14,-8.14,2090,2090,0
(2015 HD1),2,4.9e-08,15.69,27.4,0.011000000000000001,-8.15,-8.42,2047,2060,13
(2020 TE6),2,1.1e-07,10.98,27.5,0.011000000000000001,-8.16,-8.28,2066,2072,6
(2010 UE),2,2.4e-07,16.11,29.6,0.004,-8.17,-8.3,2032,2044,12
(2004 BK86),1,9.4e-09,15.77,25.4,0.027999999999999997,-8.17,-8.17,2078,2078,0
(2020 HN3),11,3.2e-06,4.18,29.6,0.004,-8.18,-8.44,2088,2118,30
(2012 WR10),2,7.7e-07,2.73,28.5,0.006999999999999999,-8.19,-8.4,2087,2096,9
(2014 WU200),2,1.5e-06,1.69,28.8,0.006,-8.19,-8.19,2104,2111,7
(2021 BO2),1,1.8e-07,10.29,28.4,0.006999999999999999,-8.19,-8.19,2050,2050,0
(2010 RK53),1,3.4e-08,8.23,27.8,0.009000000000000001,-8.2,-8.2,2029,2029,0
(2014 KW76),1,2.7e-07,15.0,28.0,0.008,-8.2,-8.2,2115,2115,0
(2020 TT1),1,1e-07,14.18,27.1,0.013000000000000001,-8.2,-8.2,2117,2117,0
(2016 DY30),9,7.7e-07,15.6,30.5,0.003,-8.21,-8.25,2036,2115,79
(2011 UA64),1,8.7e-08,14.41,27.0,0.013000000000000001,-8.22,-8.22,2113,2113,0
(2018 DU1),2,2.1e-07,6.69,27.7,0.01,-8.22,-8.3,2078,2095,17
(2018 QS),1,3.3e-08,9.48,26.3,0.019,-8.25,-8.25,2084,2084,0
(2021 BN),4,5.2e-07,7.65,28.3,0.006999999999999999,-8.25,-8.59,2108,2117,9
(2016 TM),2,2.1e-07,4.29,27.5,0.011000000000000001,-8.26,-8.26,2089,2093,4
(2020 KS),3,1.6e-08,7.1,25.8,0.024,-8.26,-8.65,2055,2072,17
(2007 WT3),1,1.9e-09,19.92,24.1,0.051,-8.28,-8.28,2101,2101,0
(2017 SA21),1,1.7e-07,10.07,28.3,0.006999999999999999,-8.28,-8.28,2056,2056,0
(2017 UK1),3,9.400000000000001e-08,7.56,27.1,0.013000000000000001,-8.29,-8.43,2081,2112,31
(2020 FM1),4,1.4e-06,7.09,29.3,0.005,-8.29,-8.52,2071,2109,38
(2020 XK1),6,4.2000000000000004e-06,5.85,30.6,0.003,-8.3,-8.53,2070,2102,32
(2019 SM8),1,3.5e-07,14.05,29.2,0.005,-8.31,-8.31,2061,2061,0
(2008 XC1),1,1.4000000000000001e-09,11.66,23.7,0.063,-8.32,-8.32,2085,2085,0
(2014 DK10),3,1.2e-07,11.81,27.8,0.01,-8.32,-8.69,2060,2100,40
(2014 OQ392),4,7.200000000000001e-10,11.64,22.8,0.09300000000000001,-8.32,-8.77,2092,2115,23
(2017 YD1),3,3.6000000000000003e-06,2.67,30.0,0.003,-8.32,-8.42,2102,2117,15
(2020 UB),1,1.4e-07,11.21,27.9,0.009000000000000001,-8.33,-8.33,2080,2080,0
(2008 YC29),15,1.1000000000000001e-08,11.02,25.4,0.027999999999999997,-8.35,-8.75,2034,2116,82
(2019 SE11),4,4.0999999999999995e-09,11.99,25.4,0.027999999999999997,-8.35,-8.71,2042,2064,22
(2010 VR139),13,2.1e-08,5.2,26.7,0.015,-8.36,-8.99,2024,2076,52
(2012 XL55),1,2.2999999999999998e-08,19.09,27.1,0.013000000000000001,-8.36,-8.36,2066,2066,0
(2020 DW),1,4.7e-06,3.79,30.3,0.003,-8.36,-8.36,2108,2108,0
(2013 UJ5),1,1e-07,10.81,28.0,0.009000000000000001,-8.37,-8.37,2061,2061,0
(2009 FQ32),7,6.4e-08,4.75,26.8,0.015,-8.38,-8.87,2070,2104,34
(2014 UY57),2,6e-08,9.1,27.2,0.012,-8.38,-8.6,2071,2076,5
(2014 BZ2),1,7.2e-09,17.72,25.5,0.027000000000000003,-8.43,-8.43,2106,2106,0
(2017 SG33),4,8.199999999999999e-10,17.4,23.9,0.055,-8.43,-8.82,2051,2109,58
(2020 XC),1,6.9e-07,3.52,29.0,0.005,-8.43,-8.43,2085,2085,0
(2020 FP5),7,1.7e-06,7.15,29.7,0.004,-8.45,-8.71,2115,2117,2
(2020 KJ4),2,2.3e-06,4.22,29.9,0.004,-8.45,-8.45,2096,2106,10
(2004 OD4),1,5.7999999999999997e-08,8.45,26.9,0.013999999999999999,-8.47,-8.47,2100,2100,0
(2007 WW3),5,1.1e-09,10.27,23.9,0.055999999999999994,-8.47,-8.84,2031,2106,75
(2019 EF),1,2.6e-08,17.67,26.6,0.016,-8.47,-8.47,2117,2117,0
(2009 XR1),13,2e-07,6.0,29.3,0.005,-8.48,-8.84,2026,2109,83
(2013 VJ13),1,9.800000000000001e-10,16.09,23.8,0.06,-8.48,-8.48,2099,2099,0
(2020 BY11),3,1.6e-07,12.48,27.9,0.009000000000000001,-8.48,-8.91,2114,2120,6
(2020 RE4),6,1.1e-07,17.78,27.9,0.009000000000000001,-8.48,-8.91,2115,2120,5
(2020 YE5),2,1.3e-08,10.32,25.7,0.024,-8.5,-8.69,2101,2120,19
(2018 BP3),1,4.8e-07,6.92,28.7,0.006,-8.52,-8.52,2115,2115,0
(2020 PW2),7,2.7e-07,10.61,28.7,0.006,-8.52,-9.1,2073,2100,27
(2020 KD1),1,4.0999999999999997e-08,8.72,27.9,0.009000000000000001,-8.53,-8.53,2042,2042,0
(2015 KW157),7,9.8e-09,9.32,25.9,0.022000000000000002,-8.54,-8.85,2042,2115,73
(2020 VB3),8,1.2e-06,5.37,29.6,0.004,-8.55,-8.91,2082,2115,33
(2018 XX3),4,1.2e-06,4.41,29.7,0.004,-8.55,-8.65,2088,2112,24
(2019 UN8),3,4.8e-07,19.3,29.7,0.004,-8.57,-8.94,2101,2105,4
(2021 AC2),1,1.1e-07,6.54,27.9,0.009000000000000001,-8.57,-8.57,2079,2079,0
(2019 YA3),2,2.4e-08,8.35,26.4,0.018000000000000002,-8.59,-8.6,2095,2116,21
(2017 JB2),2,7.5e-07,2.93,29.1,0.005,-8.59,-8.88,2110,2111,1
(2019 JX1),3,3.3e-07,14.36,29.1,0.005,-8.6,-8.76,2100,2104,4
(2019 JH7),2,1e-06,9.05,29.6,0.004,-8.6,-8.89,2114,2118,4
(2019 BV2),1,6.2e-09,15.21,25.5,0.027000000000000003,-8.61,-8.61,2116,2116,0
(2005 TK50),2,1.5e-07,20.62,28.9,0.006,-8.63,-8.65,2054,2106,52
(2016 YC13),7,2.1e-08,11.76,26.7,0.016,-8.63,-8.73,2087,2116,29
(2016 FA14),1,2.2999999999999998e-08,15.24,27.3,0.012,-8.65,-8.65,2072,2072,0
(2020 XX3),1,2.5e-07,4.6,28.5,0.006999999999999999,-8.65,-8.65,2094,2094,0
(2012 CS46),3,1e-07,6.72,27.7,0.01,-8.66,-8.91,2096,2106,10
(2018 XW3),1,4.5e-09,12.28,26.3,0.018000000000000002,-8.66,-8.66,2044,2044,0
(2019 DF),9,4.2e-07,14.11,30.0,0.003,-8.66,-8.94,2059,2110,51
(2017 TD6),1,3.5e-08,9.0,27.2,0.012,-8.67,-8.67,2081,2081,0
(2015 HM182),96,1.6e-07,6.93,29.0,0.005,-8.68,-9.41,2021,2116,95
(2006 WV),1,2.8999999999999998e-08,14.69,27.1,0.013000000000000001,-8.68,-8.68,2103,2103,0
(2019 FT1),2,3.7e-08,10.86,27.0,0.013999999999999999,-8.68,-8.76,2104,2113,9
(2018 WG2),2,1.2e-06,6.47,30.1,0.003,-8.73,-8.81,2078,2103,25
(2012 WQ3),1,5.5e-10,23.77,25.4,0.027999999999999997,-8.74,-8.74,2040,2040,0
(2012 YR1),1,1.5e-08,7.84,26.5,0.017,-8.74,-8.74,2077,2077,0
(2016 JY5),3,4.7000000000000004e-08,6.17,27.1,0.013000000000000001,-8.74,-9.09,2093,2107,14
(2008 EF32),3,2.6e-07,13.11,29.4,0.004,-8.75,-8.78,2083,2083,0
(2018 AT2),1,9.5e-08,7.11,27.7,0.01,-8.75,-8.75,2115,2115,0
(2017 VC14),2,1.3e-07,11.5,28.3,0.006999999999999999,-8.76,-8.85,2111,2111,0
(2011 SL189),5,8.599999999999999e-10,9.74,24.6,0.04,-8.79,-9.32,2043,2100,57
(2009 JE1),8,2e-08,5.64,27.3,0.012,-8.8,-9.1,2044,2093,49
(2008 WJ14),8,4.4e-09,10.65,26.5,0.017,-8.82,-9.29,2031,2089,58
(2011 CA7),3,5.4e-07,8.91,30.3,0.003,-8.83,-9.06,2062,2064,2
(2021 AZ5),1,1e-07,8.06,28.1,0.008,-8.83,-8.83,2110,2110,0
(2016 JA),3,4.0999999999999997e-08,7.59,27.5,0.011000000000000001,-8.84,-9.1,2064,2089,25
(2002 CA26),1,7.6e-09,11.06,25.9,0.022000000000000002,-8.85,-8.85,2115,2115,0
(2019 SX8),4,2.6e-07,8.33,28.9,0.005,-8.85,-9.1,2110,2116,6
(2015 HE183),1,5.9000000000000006e-08,13.58,28.2,0.008,-8.86,-8.86,2090,2090,0
(2014 QJ365),3,4.3e-08,12.01,27.5,0.011000000000000001,-8.86,-9.17,2116,2118,2
(2016 UR36),2,2.6e-08,17.96,27.5,0.011000000000000001,-8.87,-8.98,2107,2107,0
(2009 EJ1),4,4e-08,10.47,28.3,0.008,-8.88,-9.09,2041,2086,45
(2013 RZ53),2,3.7000000000000006e-06,1.28,31.1,0.002,-8.88,-8.99,2104,2107,3
(2019 QD),1,1.2e-07,15.33,28.8,0.006,-8.88,-8.88,2112,2112,0
(2016 AQ164),1,6.900000000000001e-08,13.9,29.9,0.004,-8.89,-8.89,2035,2035,0
(2019 UW7),1,2.2000000000000002e-08,10.01,27.3,0.012,-8.89,-8.89,2081,2081,0
(2013 EC20),3,3.2e-07,2.67,29.0,0.005,-8.92,-9.22,2112,2112,0
(2009 XQ2),2,2.6000000000000003e-10,26.17,24.1,0.051,-8.95,-9.18,2084,2114,30
(2017 BF136),3,2.5e-09,20.9,26.1,0.02,-8.95,-9.1,2069,2105,36
(2019 JZ2),1,1.7000000000000001e-09,20.15,26.7,0.015,-8.96,-8.96,2041,2041,0
(2010 XU),2,3e-09,6.25,25.4,0.028999999999999998,-8.97,-9.14,2081,2088,7
(2009 MG1),1,3.1e-10,17.47,24.1,0.052000000000000005,-8.97,-8.97,2079,2079,0
(2021 BP1),5,4.5e-07,5.95,29.6,0.004,-9.0,-9.43,2110,2118,8
(2021 AP6),1,2e-08,4.32,26.8,0.015,-9.07,-9.07,2121,2121,0
(2020 DR4),4,1.2e-07,6.83,29.7,0.004,-9.07,-9.38,2039,2064,25
(2014 HM198),2,1.3e-08,10.52,27.3,0.012,-9.08,-9.09,2075,2104,29
(2007 VF189),2,3.6e-08,11.47,28.4,0.006999999999999999,-9.11,-9.18,2072,2077,5
(2015 HZ182),10,3.9e-09,14.85,27.0,0.013000000000000001,-9.12,-9.37,2035,2101,66
(2017 YE7),1,8e-10,20.33,28.5,0.006999999999999999,-9.14,-9.14,2022,2022,0
(2014 HN2),1,9.8e-09,2.59,26.3,0.018000000000000002,-9.16,-9.16,2112,2112,0
(2016 WF7),4,1e-07,6.54,28.7,0.006,-9.17,-9.27,2102,2115,13
(2019 SU1),2,8.5e-08,5.09,28.4,0.006999999999999999,-9.18,-9.23,2116,2119,3
(2008 JL24),1,2.3e-07,2.7,29.6,0.004,-9.21,-9.21,2091,2091,0
(2018 EZ2),1,7.6e-09,9.38,26.6,0.017,-9.23,-9.23,2118,2118,0
(2019 SU2),2,2.5e-07,11.1,30.1,0.003,-9.23,-9.36,2095,2096,1
(2021 AZ6),3,4.0999999999999995e-09,12.3,26.3,0.019,-9.25,-9.43,2112,2120,8
(2013 VD17),1,6.1e-09,11.99,27.1,0.013000000000000001,-9.26,-9.26,2075,2075,0
(2020 WA1),3,1.8e-08,19.93,28.6,0.006,-9.27,-9.31,2067,2071,4
(2020 RO2),1,2.8000000000000003e-09,15.62,27.6,0.01,-9.27,-9.27,2040,2040,0
(2016 NC56),1,8.399999999999999e-09,14.5,27.1,0.013000000000000001,-9.28,-9.28,2114,2114,0
(2018 DO3),18,3.4e-08,17.84,29.1,0.005,-9.29,-10.08,2046,2115,69
(2012 XB112),1,3.4e-07,4.12,29.8,0.004,-9.29,-9.29,2118,2118,0
(2020 YS2),1,1e-06,2.64,31.0,0.002,-9.29,-9.29,2093,2093,0
(2020 OX4),1,2.5e-10,17.11,24.6,0.042,-9.36,-9.36,2088,2088,0
(2020 VT3),1,5.7999999999999997e-08,8.96,28.9,0.006,-9.39,-9.39,2100,2100,0
(2014 AG51),4,7.599999999999999e-08,14.81,30.0,0.003,-9.4,-9.43,2067,2105,38
(2020 SM2),1,6.900000000000001e-08,4.17,28.7,0.006,-9.4,-9.4,2111,2111,0
(2005 WN3),1,4e-09,18.17,29.9,0.004,-9.45,-9.45,2024,2024,0
(2017 UJ2),5,5.1e-07,5.23,30.9,0.002,-9.45,-9.81,2074,2097,23
(2017 WW1),1,4e-08,12.44,29.7,0.004,-9.48,-9.48,2055,2055,0
(2009 SD15),2,2.7e-09,14.07,26.9,0.013999999999999999,-9.49,-9.52,2081,2105,24
(2019 GC6),1,5e-09,5.28,26.5,0.017,-9.49,-9.49,2113,2113,0
(2016 FF14),1,7.3e-09,9.83,27.1,0.013000000000000001,-9.49,-9.49,2117,2117,0
(2019 VC),1,6.7e-08,3.81,28.8,0.006,-9.52,-9.52,2117,2117,0
(2009 DM40),1,2.9e-09,8.96,26.6,0.016,-9.55,-9.55,2091,2091,0
(2010 SK13),1,2.5e-09,18.03,27.3,0.012,-9.61,-9.61,2084,2084,0
(2011 SC108),1,4.9e-09,22.3,27.9,0.009000000000000001,-9.64,-9.64,2111,2111,0
(2014 WZ365),1,2.7999999999999996e-10,10.86,25.7,0.025,-9.65,-9.65,2047,2047,0
(2019 YS),12,7.2e-07,6.25,31.5,0.002,-9.66,-10.33,2089,2116,27
(2021 AY2),1,1.6e-09,11.07,27.2,0.012,-9.69,-9.69,2054,2054,0
(2021 AS3),1,3.8e-10,17.11,25.4,0.028999999999999998,-9.72,-9.72,2117,2117,0
(2019 SK9),1,2.2e-09,15.89,27.1,0.013000000000000001,-9.76,-9.76,2099,2099,0
(2019 XR),1,4.5e-09,8.11,28.1,0.008,-9.76,-9.76,2053,2053,0
(2017 WE30),8,1e-07,17.56,31.9,0.001,-9.83,-10.1,2038,2094,56
(2009 SH1),32,6.7e-08,5.56,30.0,0.003,-9.88,-10.87,2070,2116,46
(2009 EH1),1,1.5e-09,10.6,27.9,0.009000000000000001,-10.01,-10.01,2051,2051,0
(2015 RU178),1,9.6e-10,18.73,27.9,0.009000000000000001,-10.04,-10.04,2055,2055,0
(2007 RC20),1,1.2e-09,5.07,26.7,0.016,-10.05,-10.05,2091,2091,0
(2014 HC196),1,2e-10,10.36,25.2,0.031,-10.09,-10.09,2112,2112,0
(2012 CQ46),2,1.3e-09,12.89,27.3,0.012,-10.13,-10.42,2098,2107,9
(2019 UN13),1,2.9e-07,10.18,32.1,0.001,-10.27,-10.27,2111,2111,0
(2016 VH),1,9.300000000000001e-10,4.79,26.8,0.015,-10.36,-10.36,2115,2115,0
(2014 YP44),3,3.8e-10,4.34,26.1,0.02,-10.36,-10.7,2092,2101,9
(2018 PR7),1,4.1999999999999996e-09,4.18,28.5,0.006999999999999999,-10.47,-10.47,2097,2097,0
(2012 UL171),2,5e-10,4.07,26.9,0.013999999999999999,-10.55,-10.71,2083,2083,0
(2016 MH3),2,5.400000000000001e-10,4.79,27.1,0.013000000000000001,-10.69,-10.82,2104,2104,0
(2020 CM),1,8.400000000000001e-10,10.71,27.9,0.009000000000000001,-10.78,-10.78,2119,2119,0
(2016 DB),1,5e-10,9.16,28.5,0.006999999999999999,-10.94,-10.94,2059,2059,0
(2012 FN),3,1.8e-09,3.7,29.1,0.005,-11.15,-11.39,2089,2113,24
(2018 RW),1,5.4e-09,5.74,30.3,0.003,-11.24,-11.24,2110,2110,0
(2019 UT5),1,2.4e-10,14.16,28.4,0.006999999999999999,-11.27,-11.27,2080,2080,0
(2017 YK14),1,1.7e-10,3.25,28.2,0.008,-11.58,-11.58,2075,2075,0
(2019 BZ3),1,1.5e-10,10.55,28.7,0.006,-11.8,-11.8,2092,2092,0
(2019 AS5),1,3.4000000000000003e-09,10.17,32.3,0.001,-12.16,-12.16,2085,2085,0
